id,datetime,title,content,link,source
0,2020-06-17 22:57:00,吉利汽车：董事会批准可能发行人民币股份及于科创板上市初步建议,"新浪财经讯 6月17日消息，吉利汽车：本公司欣然宣布，于二零二零年六月十七日，董事会批准可能发行人民币股份及于上海交易所科创板上市的初步建议。,责任编辑：逯文云",https://finance.sina.com.cn/stock/s/2020-06-17/doc-iirczymk7571827.shtml,sinaStock
1,2020-06-17 22:47:00,中国太保GDR挂牌上市 首家A+H+G险企走向何方,"原标题：中国太保GDR挂牌上市，首家A+H+G险企走向何方,在沪伦通通车一周年之际，第二单GDR——中国太保（证券代码：CPIC）首日挂牌，这也是国内第一家A+H+G三地上市的保险企业。,伦敦时间6月17日上午9时，中国太保沪伦通全球存托凭证（GDR）于伦敦证券交易所沪伦通板块正式挂牌（证券代码：CPIC），开始附条件交易，并预计于6月22日（伦敦时间）正式在伦敦证券交易所上市。,回顾整个GDR的发行历程，中国太保董事长孔庆伟在6月17日接受第一财经记者独家专访时表示，尽管发行受到疫情影响，但最终的认购比例、发行价格均超出预期，这也和当时中国太保发行GDR的初衷相吻合。,“三地上市不仅仅是融资工具，而是给了企业国际化发展一个很好的平台。如果不努力借此打造企业的内核，融资只是昙花一现。”说起发行GDR的初心，孔庆伟对第一财经记者如此表示。,认购比例、价格超出预期,去年9月，中国太保发布公告官宣GDR发行计划，在被疫情影响了几个月之后，从今年5月开始，其GDR之路开始走上了“快车道”，一路获得银保监会、证监会、英国监管机构的批准，赶在了沪伦通一周年、第12届陆家嘴论坛开幕的当口实现挂牌。,“疫情对我们GDR的发行确实造成了不小的影响，我们的发行节奏非常紧凑，但是最终的认购比例、发行价格超过了我们的预期。9个月来，我们见了无数次投资者，做了很多努力，在当下极其复杂多变的资本市场环境下，最后能够在监管机构的价格指导区间内完成此次GDR最终发行定价，很不容易，说明投资者对中国保险市场、对中国太保未来的信心，也在市场中起到了一定的示范作用。”孔庆伟表示。,公告显示，中国太保GDR最终的发行价为每份17.60美元。,发行价格是此次中国太保GDR最受市场关注的一点，在沪伦通机制下，兑回限制期满之后，GDR可与A股进行转换，如果GDR价格低于A股，就会产生套利的空间，GDR首单华泰证券GDR与其A股之间的价差一度高达40%，此次太保发行的GDR在120日兑回限制期届满时，对A股股价的潜在影响会有多大？,根据第一财经记者计算，按照中国太保确定的转换比例及央行公布的最新汇率计算，中国太保GDR 17.6美元的发行价对应的A股价格为24.95元左右，而6月17日中国太保A股收盘价为27.52元。,从业内分析师的角度来看，此次发行价格不仅超越了太保管理层的预期，也超越了市场的预期，多家券商表示太保GDR虽有折价，但考虑到套利需要成本，其套利空间微乎其微。,对此，中国太保管理层回复第一财经记者称：“在发行期间，我们始终坚持引入愿意长期持有太保GDR的长线投资者，并力争实现合理定价。从发行结果来看，我们引入了瑞再作为基石投资者，原则上有三年的禁售期，此外也引入了一些优质的长线机构投资者，他们也都表达了愿意长期持有太保GDR的期望。而在发行上市完成后，我们会在依法合规的基础上，进一步加强与投资者沟通，利用多种形式展示中国太保的业绩与亮点，增强GDR持有人的长期持有信心。”,“我们希望吸引长线投资者。此次GDR的股东和A股股东其实从长期来看利益是高度一致的，基本面的发展最终也会反映在股价上。”中国太保副总裁、董事会秘书马欣表示。,基石投资者、长线投资者意义重大,此次中国太保在GDR发行过程中创下沪伦通机制下多项第一——第一次采用中国会计准则发行的GDR，第一次采用基石投资者机制发行的GDR，第一次非欧洲企业得到大众持股比例豁免的GDR。,孔庆伟表示，这些创新有利于太保引入长线投资者，也为之后的GDR发行树立了一个标杆。,在专访过程中，孔庆伟表示，考虑到本次GDR发行希望在全球范围内引入优质投资者、丰富股东构成、持续完善公司治理的目的与初衷，中国太保在发行过程中合理创新借鉴基石投资机制，引入GDR基石投资者。公司对基石投资者的选择是基于市场化原则，综合考量投资者实力与影响力、对公司价值的认可度、意向投资规模、锁定期、战略协同前景等多方面因素，并根据商业谈判结果而定。,事实上，除了瑞再之外，据马欣介绍，此次太保GDR的认购中其实还包括了多家长线投资者。,有意思的是，中国太保表示，在其GDR发行路演期间，全球投资者兴趣浓厚、下单踊跃，簿记建档认购倍数约3倍（不含基石投资者）。而在另一边，中国太保却主动缩减了10%的发行规模。,根据公告，中国太保原先对于GDR的计划发行上限一直为1.25734亿份GDR，而在上市意向函中却缩减为1.131606亿份GDR。,孔庆伟对此解释称：“我们在认购踊跃的基础上仍然适当下调了发行规模，就是为了现有股东的利益，希望能引入更多优质长线投资者，希望最终的投资者结构当中以基石投资者和长线投资者为主，达到一个相对更加理想、健康的投资者结构，降低后续短期套利和集中兑回的压力。”,GDR能带来什么,从中国太保2019年年报和今年一季报来看，它并不缺钱，而孔庆伟在采访中也屡次强调了发行GDR并非为了融资。那GDR能为中国太保带来什么？,募集资金的去向似乎指明了一点方向。在公告中，中国太保表示，70%以上的募集资金净额将会围绕保险主业，用于在境外发达市场及新兴市场择机进行股权投资、合作结盟、兼并收购，逐步发展境外业务；最多达30%或剩余的募集资金净额将依托中国太保境外投资平台，用于搭建海外创新领域投资平台，包括但不限于健康、养老、科技等方向。如果其认为在前述的任何特定领域没有符合预期的机会，则对应的募集资金净额部分将用于补充营运资金及满足一般企业用途。,“30岁的太保该往哪里走，是我一直在思考的问题。为此我们也进行了转型2.0改革，从‘人才、数字、协同、管控、布局’五个关键词来入手。其中的‘布局’是指两个方向：健康养老，以及国际化。我始终认为，最大的市场在中国，但是我们要向西方先进同业学习，这也是我们发行GDR的初心。“孔庆伟说。,“国际化是大趋势，通过GDR，我们能有更多与优秀伙伴合作的机会。但是在国际化的路径上也要小心，不能‘铺摊子’，需要走好自己的路，紧紧围绕主业。”孔庆伟坦言。,从更大的层面来看，孔庆伟认为，中国太保借助沪伦通平台发行GDR，一方面是支持上海国际金融中心建设、打造上海金融机构名片的有益实践，另一方面也是在中国对外开放持续深化的背景下，进一步融入全球大市场，与全球优质资本共同分享中国保险业的发展红利。而从公司整体层面来看，则必将有利于太保进一步丰富股东构成，完善公司治理机制。,责任编辑：逯文云",https://finance.sina.com.cn/roll/2020-06-17/doc-iircuyvi9042017.shtml,sinaStock
2,2020-06-17 22:40:00,湖北省委书记应勇与小米集团雷军、紫光集团赵伟国分别座谈交流,"原标题：湖北省委书记应勇与小米集团雷军、紫光集团赵伟国分别座谈交流,来源：证券时报·e公司,,e公司讯，6月17日下午，湖北省委书记应勇和省委副书记、省长王晓东与小米集团创始人、董事长兼CEO雷军，紫光集团董事长、长江存储董事长赵伟国分别座谈交流。雷军表示，小米集团将进一步扩大在湖北投资，把武汉第二总部建成超大规模研发总部，助力湖北疫后重振和高质量发展。赵伟国表示，紫光集团将抢抓中央支持湖北一揽子政策机遇，为湖北“芯屏端网”产业大发展作出新贡献。,,责任编辑：陈志杰",https://finance.sina.com.cn/roll/2020-06-17/doc-iirczymk7570285.shtml,sinaStock
3,2020-06-17 22:36:00,*ST美都退市 13万股东如何逃生？,"悲剧，*ST美都退市！13万股东如何逃生？,滕飞,持续亏损、巨额债务压身，并购梦碎的*ST美都终于玩不下去了，由于公司已经触发面值退市红线，上交所决定让公司终止上市。,6月17日晚，*ST美都发布公告称，公司股票被上海证券交易所终止上市。根据《上海证券交易所股票上市规则》的相关规定，公司股票将于6月29日进入退市整理期交易，退市整理期为30个交易日，预计最后交易日期为2020年8月7日。,*ST美都也是由于面值退市。今年4月24日，公司触发面值退市红线，当日公司股价报收0.96元/股。接下来，*ST美都股价彻底萎靡不振，股价未能回到1元上方，目前公司股价为0.41元/股。,13万股东何去何从,触及面值退市红线，让公司一众股东深陷其中。Wind数据显示，截至今年一季度末，*ST美都在册股东户数约13.17万户。,在公司前十大股东名册中，中国证券金融股份有限公司赫然在席，位列第7大股东，持股比例1.73%，对应市值约8341万元。,据查，中国证券金融股份有限公司最早于2015年3季度进入到公司前十大股东名册之中，此后持股数量没有变化，一直保持在6178.51万股，对应市值巅峰曾高达4.47亿元。,7年18次并购,*ST美都出自浙江省湖州市德清县，公司实际控制人为闻掌华。,2002年，美都集团借壳宝华实业，成功登陆资本市场，产业范围也逐步外扩，涉及房地产、商业贸易、旅游酒店服务等，经营地域逐步扩张到浙江省湖州、杭州等地。,2012年，公司开始谋划转型，但最后几乎都成为了故事。据WIND统计，2013年至2019年，7年时间，公司共发起了18次并购，大多数收购资产最后都成了难甩的包袱。,上证报独家报调查揭秘蹊跷交易,公司第一次真正意义上的跨界就放眼海外，彼时公司收购美国油田公司WAL，公司证券简称也随之变更为“美都能源”，结果标的资产经营不利，6年合计亏损3.24亿元。,元气大伤之后，竟不思悔改。公司又将眼光投向火热的锂电产业，其中最为豪气的一笔并购当属对瑞福锂业的收购，公司拟出资36亿元现金，收购一家涉嫌过度包装的碳酸锂加工企业。,对此，上证报曾展开为期近2个月的深度调查，记者相继奔赴瑞福锂业山东总部、瑞福参股锂矿公司所在地新疆、瑞福供应商所在地江西等地明查暗访，最终揭开了这家锂业公司的真实面目。,2018年1月份，上证报刊发了《三大疑云笼罩瑞福锂业 美都能源36亿元并购是馅饼还是陷阱？》的深度调查。大量的一手调查内容经本报披露后，监管层多次向公司下发问询函。,正如上证报所料，并购标的盈利能力很差，收购之后难以完成高额的业绩对赌。2019年3月，公司终止收购瑞福锂业，并约定由交易对方（瑞福锂业原股东）分8笔向上市公司支付50.23%的股权回购款，然而，截止到目前上述款项仍未支付完毕。,会计师事务所“无法表示意见”,公司的麻烦事还有一箩筐。,公告显示，截至5月22日，公司及子公司合计约9亿元银行类债务。其中，已到期未还、即将到期的银行类债务约4.2亿元。在即将到期债务中，还涉及某民间融资的贷款，4笔合计1.2亿元，将于今年7月底到期。,另外，公司还存在向控股股东违规进行10亿元的担保，严重损害上市公司利益。,公司控股股东闻掌华的股份也遭到轮候冻结。截至5月20日，累计被轮候冻结数量为4.24亿股，占其所持股份的39.55%，占公司总股本比例11.86%。,*ST美都2019年度审计报告被大华会计师事务所（特殊普通合伙）出具了无法表示意见的审计报告，涉及的事项包括*ST美都油气资产的经营情况、资产状况、减值准备的计提等。,从乐视网到*ST美都，都曾在资本市场掀起绚烂的波涛，如今都走向退市深渊。其间教训，值得市场投资者深思，值得跨界并购者警惕。,责任编辑：陈志杰",https://finance.sina.com.cn/stock/s/2020-06-17/doc-iircuyvi9040509.shtml,sinaStock
4,2020-06-17 22:33:00,连花清瘟入选北京新冠防治方案:以岭药业涨停 “赵老哥”继续抢筹,"原标题：连花清瘟入选新冠中医药北京防治方案，以岭药业涨停，“赵老哥”继续抢筹,记者|梅岭,6月16日晚间，北京市中医管理局印发《北京市新型冠状病毒肺炎中医药防治方案（试行第五版）》的通知，莲花清瘟颗粒（胶囊）被推荐用于医学观察病例/医学隔离病例和成人确诊病例中疫邪外犯证、疫毒袭肺证、疫毒闭肺证的治疗。,6月17日，莲花清瘟生产商以岭药业（002603.SZ）临近尾盘封上涨停板，报34.58元/股。今年以来，以岭药业累计上涨幅度已达到180.21%。并在4月17日以41.49元/股达到该公司上市以来历史最高价。,盘后，以岭药业因日价格涨幅偏离值达到9.41%登上深交所龙虎榜，当日成交额31.11亿元。其中，深股通专用席位买入4624.32万元，卖出8106.6万元；“赵老哥”常用席位中国银河证券绍兴营业部买入4130.47万元，卖出144.27万元。,此外，卖出席位中，首创证券有限责任公司南京高淳古檀大道证券营业部卖出以岭药业1.49亿元。东方财富拉萨东环路第二营业部买入1722.85万元，卖出2316.11万元，东方财富拉萨团结路第二营业部买入1488.3万元，卖出2272.94万元。,6月17日，以岭药业发布控股股东部分股份解除质押的公告。以岭药业控股股东以岭医药科技将2000万股进行解除质押，占其所持股份比例的5.32%，占公司总股本的1.66%。,截止6月16日，以岭医药科技及其一致行动人合计持有公司6.53亿股，持股比例54.21%，累计质押2.05亿股，质押比例31.39%。其中，以岭医药科技持有公司3.76亿股，质押1.2亿股，质押比例31.89%；吴相君持有公司2.48亿股，持股比例20.63%，质押7790万股，质押比例31.36%。,2020年一季度，以岭药业实现营收23.34亿元，较上年同期增长50.56%；归属于上市公司股东净利润为4.38亿元，较上年同期增长51.88%。,一季度公司营收净利润增长，均因疫情期间，莲花清瘟产品营业收入较去年大幅增长所致。根据公司接受机构调研时所述，莲花清瘟在一季度产品销售收入实现近一倍增长，受公司生产线向莲花清瘟倾斜等因素影响，公司心脑血管等系列产品总体销售收入略有下降。,以岭药业在5月份接受机构调研时表示，目前莲花清瘟产能可以满足市场需求，公司也可以根据市场需求情况及时调整生产计划以满足市场。,目前，以岭药业计划在衡水建设生产基地，一期先建设提取车间以整体提升中药材提取能力；同时公司也根据市场需求启动了连花清瘟系列产品产能提升项目，通过生产车间的扩建，新增匹配生产设备提升现有生产线产能，并新增连花清瘟胶囊剂、颗粒剂、片剂制剂生产线，提高连花清瘟产品的产业化能力，实现连花清瘟产品产能的大幅提升，完善应急产品的生产储备体系。,此外，以岭药业表示目前公司已经立项连花清瘟儿童剂型开发项目，目前正处于临床前研究阶段。,莲花清瘟产品所需主要中药材为连翘和金银花，对于有投资者询问原材料供应及价格预期，以岭药业表示，这两种中药材均属市场常见，供应相对充足品种，价格波动幅度不大。此外，公司在河北涉县自建有十万亩的中药材种植基地，主要生产连翘、酸枣仁等中药材，既可以从源头上保障中药材质量，也能一定程度上平抑中药材市场价格。,在今年2月，莲花清瘟列入《新型冠状病毒感染的肺炎诊疗方案》（试行第五版），莲花清瘟颗粒被列为中医治疗医学观察期推荐用药。3月底，莲花清瘟胶囊获得泰国卫生部现代植物药注册批文。,4月中旬，莲花清瘟新增适应症申请获得批准，其中，在处方药说明书中【功能主治】项除原批准内容外，增加“在新型冠状病毒性肺炎的常规治疗中，可用于轻型、普通型引起的发热、咳嗽、乏力”，【用法用量】项除原批准内容外，增加“新型冠状病毒肺炎轻型、普通型疗程7-10天”。,责任编辑：逯文云",https://finance.sina.com.cn/stock/s/2020-06-17/doc-iircuyvi9040273.shtml,sinaStock
5,2020-06-17 22:13:00,关联方接盘*ST美讯亏损资产 此前诡异涨停被疑内幕交易,"原标题：评估1.35亿卖5亿，关联方接盘*ST美讯亏损资产，此前诡异涨停被疑内幕交易,记者 | 陈祺欣,6月17日，*ST美讯（600898.SH）发布重大资产出售暨关联交易报告书（草案），拟向北京美昊投资管理有限公司（以下简称“美昊投资”）出售上市公司持有的浙江德景电子科技有限公司（以下简称“德景电子”）100%股权，标的资产100%股权的评估值为13528.2万元，转让价格为5亿元。,本次交易支付方式为交易对方以现金支付对价，不涉及发行股份，亦不涉及募集配套资金。,交易对方美昊投资为北京鹏康投资有限公司的全资子公司，鹏康投资为战圣投资的控股子公司。战圣投资为*ST美讯持股5%以上的股东，亦为上市公司控股股东山东龙脊岛的一致行动人，因此本次交易构成关联交易。,本次交易交割前，德景电子需剥离嘉兴京美电子科技有限公司（以下简称“京美电子”）100%股权、惠州德恳电子科技有限公司（以下简称“德恳电子”）100%股权，具体方式为*ST美讯受让德景电子持有的京美电子100%股权、德恳电子100%股权。以2019年12月31日作为评估基准日，京美电子100%股权、德恳电子100%股权的评估值为11679万元、14万元。,值得注意的是，*ST美讯最早于4月22日晚间公布筹划重大资产重组暨关联交易的提示性公告，而4月22日午后该股直线拉涨停板，被部分投资者质疑消息提前泄露，造成内幕交易。,4月22日盘后龙虎榜数据显示，*ST美讯买入前五营业部为国融杭州鸿宁路、中信北京远大路、大通上海高平路、国信杭州市中心路、东财拉萨东环路第二，卖出前五营业部为平安广东分公司、东财山南香曲东路、国融杭州鸿宁路、平安郑州经三路、中信北京远大路。国融杭州鸿宁路、中信北京远大路均为知名游资席位，国融杭州鸿宁路居买一，买入990.9万元，同日卖出1041.54万元，居卖三；中信北京远大路买入638.37万元，居买二，同日卖出668.5万元，居卖五。,在此次重组事项公布前，国美系另一个股国美零售（0493.HK）于4月19日晚发布公告《建议根据一般授权发行可换股债券》，向拼多多附属公司发行总值2亿美元可换股债券。受此消息影响，4月20日国美系股票全线上涨，国美零售、国美通讯、国美金融科技（0628.HK）、中关村（000931.SZ）股票均大涨。,4月22日及4月23日晚间，*ST美讯连续发布公告称，国美零售发行可换股债券与公司无关，公司正在筹划的重大资产重组方案仍存在重大不确定性。,*ST美讯2019年年报显示，报告期内公司实现营收7.21亿元，同比下降72.66%；亏损8.51亿元。2018年公司亏损3.82亿元。2019年年报披露后，国美通讯股票被实施退市风险警示，证券简称由“国美通讯”变为“*ST美讯”。,按照*ST美讯的说法，出售经剥离后的德景电子100%股权，实质上置出了持续亏损的业务，并保留了对上市公司未来发展有价值的相关资产，将有助于改善上市公司目前在财务及现金流方面所遇到的困难，有利于其增强持续经营能力。,*ST美讯于2016年收购德景电子，2017年，公司终止原主营业务家电零售，主营业务变更为移动智能终端产品的研发、生产与销售，主要包括ODM业务、OEM业务及自有品牌手机业务。,*ST美讯称，2019年德景电子面临收入大幅下滑、应收账款出现部分逾期，成本费用居高不下、利润下滑的经营困境，公司急需解决当前困局并实现转型。,德景电子近两年财务数据如下：,本次交易完成前后，上市公司的主要财务指标变动情况如下：,责任编辑：逯文云",https://finance.sina.com.cn/stock/s/2020-06-17/doc-iircuyvi9040662.shtml,sinaStock
6,2020-06-17 21:30:00,晚间公告热点追踪：英科转债暴涨700% 可转债爆炒风险不容忽视,"炒股就看金麒麟分析师研报，权威，专业，及时，全面，助您挖掘潜力主题机会！,英科转债暴涨700%   可转债爆炒背后风险不容忽视,6月17日，英科转债盘中价格再次走高，一度上探至788.987元，刷新内地证券市场可转债价格最高纪录！如果将A股和可转债价格放在一起比较，英科转债上述价格已仅次于贵州茅台，高于其他所有A股。,该可转债的惊人涨幅主要是在2020年完成，按照6月17日的盘中最高价来算，已较面值翻了近8倍。,一般而言，可转债由于自身特性，与其正股有较强的联动效应。英科转债所对应的上市公司为英科医疗，该股票2020年以来也涨势惊人，从年初最低不到17元，到如今最高达120.50元，足足翻了7倍有余。,另外，由于可转债品种相对股票更为复杂，交易制度也存在一些差别，投资者如果在不深入了解的情况下就盲目参与炒作，也可能会给自己带来巨大风险。,近年可转债市场的火爆背后，一个重要因素是其相对灵活的交易制度，可以T+0，且对价格的限制相对较少，使得部分投资者将其视为一个很好的炒作品种，不过，在爆炒的背后，可转债的部分规则往往容易让人忽视，可能给一些盲目参与的投资者带来风险。,资料显示，泰晶转债也是年内非常火爆的一只可转债，经过连续大涨后3月份价格一度高达420元。,但2020年5月6日晚间，泰晶科技公告表示，泰晶转债当期转股价格的130%（即23.27元/股），已触发“泰晶转债”的赎回条款。这意味着，按照当日泰晶转债的收盘价，不论是持有到期等待赎回，还是选择转股，都将面临巨幅亏损。,果不其然，5月7日，泰晶转债价格就开始暴跌，当日全天仅交易3分钟，暴跌47.68%。此后，泰晶转债进一步连续暴跌，一度跌至仅120元出头。未来得及卖出的投资者损失惨重。,【重大事项】,*ST美都：公司股票终止上市 6月29日进入退市整理期,*ST海马：撤销退市风险警示 股票停牌,创元科技：子公司精选层挂牌事项获得通过,炬华科技：产业并购基金参股公司科创板上市获审核通过,罗欣药业：成为中小创新指数样本股 并正式加入深股通股票名单,*ST北讯：公司股票存在可能被暂停上市的风险,*ST节能（维权）：股票收盘价连续10日低于面值 存在被终止上市的风险,乐视退（维权）：未收到任何来自贾跃亭或贾跃亭债务处理小组的有关公司股东赔偿计划或者安排,【重组与融资】,滨江集团：拟发行不超过45亿元债权,华安证券：拟配股募集资金总额不超过40亿元,长海股份：拟发行不超过5.5亿元可转债,均胜电子：定增申请获证监会受理,*ST宜生（维权）：下属重要子公司华达利拟进行债务重组,【投资与经营】,凯普生物：子公司新冠病毒核酸检测试剂盒列入WHO应急使用清单,中国银行（维权）：控股子公司中银金租获准开业 注册资本为108亿元,京新药业：4.72亿元购买物业资产 用于杭州研发平台、高端医疗器械生产等,宇环数控：签订2.2亿元日常经营重大合同,玉禾田：中标10个物业清洁及市政环卫项目 合同金额共计1.87亿元,景嘉微：拟斥资1.08亿元向子公司增资用于芯片研发项目,易尚展示：签署6560万元奥迪车展框架合同,渤海汽车：北京奔驰确认子公司为其部分零部件指定国产化供应商,达实智能：中标4091万元智慧交通项目,天健集团：中标深圳市宝安区新安街道43区碧海花园棚户区改造项目,*ST美讯：拟出售经剥离后的德景电子100%股权,搜于特：子公司医疗用品公司口罩日产量为300-400万片,鸿利智汇：与广州市花都区政府签订协议 加强在LED产业链的布局,普利制药：注射用比伐芦定获得德国联邦药物和医疗器械管理局上市许可,恒瑞医药：盐酸右美托咪定氯化钠注射液获美国FDA批准,兰石重装：拟向金融机构申请不超7亿元综合授信,金城医药：为全资子公司提供担保不超4000万元,孚日股份：实控人将变更为高密市国有资产运营中心,【增持与减持】,盛通股份：拟耗资5千万元至1亿元回购公司股份,本钢板材：控股股东本溪钢铁公司累计增持1%公司股份,华脉科技：上海金融拟清仓减持不超7.17%公司股份,信息发展：实控人及多名股东拟合计减持不超6.42%公司股份,世纪华通：控股股东及实控人拟合计减持不超6%公司股份,恒大高新：股东拟合计减持不超4.41%公司股份,克来机电：持股20.66%实控人之一陈久康拟减持不超2%公司股份,青松股份：持股5.25%股东柯维龙减持1.8221%公司股份,飞天诚信：实控人及董事拟合计减持不超1.68%公司股份,大北农：持股35.87%董事长减持1.34%公司股份,帝尔激光：三位股东拟合计减持不超过5.56%公司股份,迦南科技：持股25.31%迦南集团减持1%公司股份,灵康药业：持股3.38%股东陶灵刚拟减持不超1%公司股份,天奥电子：持股1.96%股东富信瑞拟减持不超1%公司股份,【其他事项】,西藏药业：涨幅异常说明 有关新冠疫苗等产品投资不会使公司成为相关疫苗的权益所有人,达安基因：涨幅异常说明 核酸检测设备需求量大幅增长,凯撒文化：涨幅累计超过100%说明 朝夕光年签署的战略合作协议为框架性协议,莫高股份：公司董事张金虎正接受甘肃省纪委监委纪律审查和监察调查,广生堂：乙肝治疗全球创新药GST-HG121临床试验申请获受理,华海药业：HB0017注射液获得药物临床试验许可,旭光股份：6月24日起证券简称变更为“旭光电子”,华森制药：“都梁软胶囊”收到药品再注册批件,利安隆：一种用于尼龙的抗氧化剂组合物 取得发明专利证书,利安隆：取得1项发明专利证书,责任编辑：逯文云",https://finance.sina.com.cn/stock/s/2020-06-17/doc-iirczymk7563949.shtml,sinaStock
7,2020-06-17 20:56:00,黑天鹅落定 业绩、土储、融资三大维度看新城控股,"6月16日，上海市普陀区人民法院依法不公开开庭审理王振华一案，庭审分两天进行，于6月17日当庭对被告人王振华作出判决，判处有期徒刑五年。,时隔近一年，案件结果尘埃落定。回归公司层面，事件发生以来，在新任董事长王晓松的带领下，新城控股（601155.SH）保持了稳健有序的发展态势。,公司于3月份披露的2019年年度报告显示，2019年新城控股实现营业收入858.47亿元，同比增长58.58%，归属于上市公司股东的净利润126.54亿元，同比增长20.61%；扣非归母净利润99.8亿元，同比增长31.4%。截至报告期末，公司总资产达4621.10亿元，同比增长39.90%。,2020年，考虑到疫情对一季度销售额、商业地产带来的冲击，以及公司追求稳健发展的风格，新城控股将2020年的销售目标审慎地定为2500亿元。但一季度以来，手握充足弹药的新城控股在融资、拿地端表现亮眼，一举拿下多幅优质地块，积极拓宽多元化融资渠道，这也反映了公司对于自身发展以及后续市场的充分信心。,历经27年，这家从常州走出来的全国化房企已然迈入了新的发展阶段。在3月31日举办的年度业绩说明上，新城控股董事长王晓松就表示，公司将“增量”转向“提质”，由“冲规模，提排名”转为“以资本回报率为核心，聚焦利润”。在5月19日举办的年度股东大会上，王晓松也表示，成立27年的新城，第一个15年靠住宅增加销售和利润，第二个15年靠住宅和商业双轮驱动，未来的15年利润则来自于商业管理。“要把新城打造为百年老店。所以每到一个阶段，都会去思考下一个15年应该怎么做。”王晓松说。,可以说，保持规模之际，新城控股追求高质量、稳健、可持续增长，这也将是其长期坚持的战略路径。,业绩持续增长 追求稳健发展,2019年，在巨大的压力面前，新城控股依然超额完成了年度目标。,根据年报，2019年新城控股实现销售金额约2708.01亿元，同比增长22.48%，累计销售面积约2432万平方米，同比增长34.21%。此外，报告期内，新城控股旗下21座吾悦广场满铺开业，全年租金及管理费收入增长至40.69亿元，同比大幅上涨92.3%。,依靠持续稳定的盈利能力，新城控股通过较高比例的分红派息，给予投资者以丰厚回报。年报披露，公司拟向全体股东每10股派发现金红利17元（含税），预计派发的现金红利共计38.34亿元。自2015年B转A股上市至今，在未开展股权融资的情况下，包含此次派息，新城控股已累计分红99.6亿。,在地域深耕策略的指引下，新城控股旗下诸多地方公司的销售规模稳步攀升。2019年，新城控股住宅开发事业部出现了8个百亿量级的地方公司，分别是苏州、苏南、上海、南京、杭州、宁波公司、天津公司和北京公司，其中苏州公司和苏南公司均突破了200亿销售。,在商业地产板块，2019年全年21座吾悦广场满铺开业，截至2019年底，累计开业63座吾悦广场。根据年报，吾悦广场已开业面积共590.62万平方米，同比增长51.44%，全年实现租金及管理费收入40.69亿元，超额完成年初设定的40亿元收入目标，同比大幅上涨92.3%，平均出租率达99.16%。截至2020年5月25，新城控股已在全国103个城市布局128座吾悦广场。,尤为值得一提的，是新城控股在财务方面的稳健性。年报数据显示，公司资产负债率由2018年同期的84.57%上升至86.60%，主要由于销售房屋产生的预收账款大幅增加至1970.18亿元，剔除合同负债和预收款项后的资产负债率为76.53%，和去年同期基本持平；同时，净负债率由2018年的49.21%下降32.85个百分点，至16.36%。,年报显示，2019年新城控股归母净利率为14.74%，毛利率达32.64%，均处于行业高位；加权平均净资产收益率为36.86%，位居行业前列。,截至2019年末，公司经营性现金流净额为435.80亿元，在手现金余额639.41亿元，短期债务306.02亿元，其中145亿公开市场融资为含权到期。公司在手现金完全能够覆盖短期债务，现金短债比超过2倍。这些数据表明，公司流动性充裕，且具备较强的偿债能力。,今年以来，新城控股在业绩端继续保持稳健增长。4月28日，新城控股发布一季度业绩报告。今年一季度，新城控股实现营业收入约70.91亿元，同比增长约63.76%；归属于上市公司股东的净利润约2.73亿元，同比增长约31.96%。截至今年一季度末，新城控股的总资产约为4739.60亿元，同比增长约2.56%。东方证券的研报即指出，新城控股一季度业绩维持快速增长，公司控负债稳经营，销售额下降主要系受新冠疫情影响，考虑到公司布局城市区域及能级情况，预计后续销售有望逐步转好。,6月4日，新城控股（601155.SH）发布5月份经营简报。经营简报数据显示，今年5月，新城控股实现合同销售金额约224.12亿元，环比上升约24%，销售面积约203.93万平方米，单月销售面积同比增速转正；1-5月份公司累计实现合同销售金额约714.55亿元，累计销售面积约654.15万平方米。,在各大深耕城市，新城控股依然保持亮眼的销售表现。据克而瑞常州数据，今年前5月，新城控股在常州的全口径销售金额为40.04亿元，继续位居榜单第一。此外，在中指研究院公布的各城市销售榜单中，新城控股在南京和长沙的销售额分别为28.06亿元和14.32亿元，均位居当地房企前列。,拿地积极  投资端稳中求进,2019年，新城控股根据市场波动形势，并结合企业自身实际状况，适时灵活调整公司的拿地策略，抓住窗口期，以较低成本获取大量优质地块。根据年报信息，2019年新城控股新增土地储备共72幅，新增总建筑面积2508.47万平方米，平均楼面地价仅2421元/平方米，其中商业综合体项目新增1443.75万平方米。截至2019年末，新城控股总土地储备达到1.24亿平方米，土储充裕，为公司后续发展提供坚实保障。,截至目前，在新城控股的土地储备结构中，一二线城市占比38.3%，长三角强三四线城市占比36%；从区域划分层面看，长三角区域占比达45%，粤港澳大湾区、环渤海及中西部都市圈城市总计占比55%。全面、均衡的全国化布局既有利于分散市场风险，也为企业带来更为稳健的规模扩张。,由于手握充足现金、融资渠道顺畅，今年以来，新城控股将加大在土地市场的投入，积极抓住市场低点、不断扩充土地储备，为后续发展蓄力。在3月31日举办的年度业绩说明会上，新城控股管理层就表示，今年预计将销售额的40%用于土地投资。,例如2月7日，新城控股通过网上竞拍方式，成功竞得云南保山中心城市下村片区516.7亩土地，地块性质为商业兼住宅开发用地，将建设吾悦广场综合体。这也是继昆明五华、呈贡、安宁、晋宁以及昭通吾悦广场后，新城控股于云南布局的第六座吾悦广场。,据不完全统计，一季度新城控股接连于江苏宿迁、广东肇庆、贵州贵阳、贵州黔南州、山东泰安、天津、江西南昌、云南昆明、江苏连云港等地新增数个住宅和商业综合体项目。,4月份，新城控股继续踏准市场节奏积极补仓，不仅在疫情之后复苏较快的一二线核心城市持续深耕，如北京、天津、苏州、温州、西安、杭州等地，还不断在发展潜力较大的重点省会城市寻找投资机会，落地吾悦广场。,经营简报数据显示，4月新城控股总计拿下12幅地块，其中11幅为住宅地块，分布于北京、天津、苏州、西安、常州、西安等地。例如，4月29日，公司通过挂牌方式取得北京市编号为京土整储挂（兴）[2020]010号地块，总价29.4亿元。该地块位于北京市大兴区西红门镇，东至西红门镇东区三号路，南至保障房项目地块，西至B组团土地一级开发（3）项目地块，北至向阳西路，总地上建筑面积约为7.56万平方米，目前新城控股拥有该项目100%权益。,在商业地块方面，4月30日，新城控股摘得乌鲁木齐米东区481亩商住地块，这标志着吾悦广场在乌鲁木齐米东区的正式落地。吾悦广场项目的成功进驻，填补了米东区大型城市综合体的空白，有利于加快提升米东区乃至整个乌鲁木齐中心城区商业品质，促进当地居民消费升级，在完善城市功能、打造城市新地标、满足市民多元化消费需求等方面具有重要意义。,近年来，在持续推动吾悦广场全国化的过程中，新城控股还进一步扩大在西北地区的商业版图。目前，新城控股已布局除甘肃外的西北地区其他四大省份，且多落子在西安、银川、西宁、乌鲁木齐等省会城市。,进入5月份，新城控股再次新增10个项目。公司不仅在上海、天津、苏州等核心一二线城市持续扩大战略布局，还基于其深耕长三角的地缘优势，继续拓展南通、常州、宿迁等长三角城市，进一步扩大公司在长三角区域的市场份额。数据显示，新城控股5月新增项目总出让面积约80.81万平方米，计容总建面195.03万平方米，权益地价约77.27亿元。,据克而瑞研究中心近期发布的《2020年1-5月中国房地产企业新增货值TOP100排行榜》显示，新城控股前5月新增土地货值793.5亿元、新增土地建筑面积687.9万平方米，均位列榜单TOP10。,值得一提的是，今年以来，新城控股战略性增加北京、上海、天津、苏州、杭州、西安、郑州、昆明、南昌等核心一二线及省会城市的项目，持续加大高能级城市布局，优化企业布局结构。,天风证券最新研报指出，新城控股1-5月销售金额恢复至去年同期的近八成，完成2020年销售目标的28.6%，相比于往年当前目标完成率较低，主要和疫情影响之下推货节奏铺排变化有关。考虑到4-5月份，公司拿地力度有明显提升，且拿地能级以长三角为主，并结构性进入一二线城市，下半年货源或增加较为明显，天风证券判断，随着下半年货源的增加，公司有望稳步实现全年2500亿元的销售目标。,进入6月份，新城控股的拿地节奏依然在稳步推进。6月3日，新城控股以底价7.6亿元摘得江门市一宗商住用地，楼面价5925元/平方米；6月5日，据浙江省土地使用权网上交易系统公示，新城控股以28.64亿元竞得温州市龙湾区一宗商住地；6月11日，新城控股一日内在山东济南和浙江金华接连拿下两幅地块；6月15日，新城控股摘得山西运城盐湖项目，这意味着吾悦广场正式落地山西运城；6月17日，新城控股通过合作方式，拿下石家庄市一幅住宅地块。,积极融资 流动性充裕,在行业融资渠道收缩、融资难度攀升的情况下，新城控股在强化现金管控的同时积极拓宽融资渠道，缓解资金压力。2019年，公司在中国银行（维权）间市场先后发行中期票据、超短期融资债券和资产支持票据，共募集资金31.58亿元人民币；在上交所平台完成公司债券的发行，募集资金21亿元人民币；在境外通过发行高级美元债券，募集资金9.5亿美元，为公司的高速发展提供了稳定的资金支持。截至2019年年末末，公司整体平均融资成本为6.73%，在民营房企中处于较低水平。,去年四季度尤其是进入到2020年以来，新城控股在融资端表现积极。继去年12月新城控股发行一笔3.5亿美元的高级无抵押债券后，1月15日，其境外子公司新城环球有限公司（NEW METRO GLOBAL LIMITED）成功发行一笔3.5亿美元的优先票据，票面利息6.8%；1月份，母公司新城发展还完成配股计划，募资27.11亿港元。,3月3日，新城控股发布公告称，为优化债务结构、降低融资成本，拟在境内外利用直接融资工具进行融资工作，新增融资规模合计不超过等额人民币300亿元（含境外等值外币）；3月9日，新城控股完成发行2020年公开发行公司债券（第一期），发行规模6亿元，票面利率5.10%。,在3月底举办的年度业绩说明会上，新城控股管理层透露，近期公司先后发行了美元债、公司债以及超短融，吾悦广场经营性物业贷、CMBS资产证券化产品也在正常开展，加上银行间接融资，能满足公司发展需要。公司目标是降低融资成本、拉长融资期限。,6月4日，据上清所披露，新城控股成功发行一笔规模为7.5亿元的超短期融资券，发行期限为270天，票面利率5.15%。据悉，该笔债券为新城控股2020年度第四期超短期融资券。,此外，6月5日，新城控股母公司新城发展（01030.HK）发布公告称，拟发行金额为4亿美元的优先票据，利率6.45%，当前拟将票据的所得款项净额用于偿还若干其境外债务，已就票据于新交所上市及报价取得原则性批准。,责任编辑：陈志杰",https://finance.sina.com.cn/stock/s/2020-06-17/doc-iirczymk7557758.shtml,sinaStock
8,2020-06-17 20:55:00,联合光电定增背后:业绩放缓 实控人边质押边全额认购,"近日，联合光电发布了《2020年度非公开发行A股股票预案》。预案显示，公司拟非公开发行的股票数量不超过38902538股，拟募集资金不超过4.75亿元，用于新型显示和智能穿戴产品智造项目和偿还银行贷款。,值得一提的是，联合光电2017年IPO时曾募资近3亿元，但在募集资金到位近3年的时间里，公司募投项目进展缓慢，远未达到预期效益，而此次定增拟新增的2000万套光学镜头产能还有过剩风险。,此外，此次非公开发行的股票由公司实控人之一、董事长龚俊强全额认购，但其又高比例质押所持上市公司的股票，龚俊强到底缺不缺钱？其认购资金又从何而来？,实控人高比例质押后又全额认购,2017年8月，联合光电登陆创业板。当时公司募集资金2.98亿元，用于高端光电镜头产品智能制造基地扩建项目和工程技术研发中心新建项目，投入募资金额分别是2.05亿元和0.93亿元。其中，高端光电镜头产品智能制造基地扩建项目投产后，可新增年产各类光电镜头1740万台。,但在募集资金到位近三年时间里，IPO募投项目进度缓慢。截至2020年3月31日，上述两个募投项目实际投资金额分别为1.1亿元和0.64亿元，投资进度分别为53.66%和68.81%。高端光电镜头产品智能制造基地扩建项目也远未实现每年1.27亿元净利润的预期效益（2019年该项目实现效益386.55万元）。,此次定增方案中的新型显示和智能穿戴产品智造项目，建成达产后可实现年产1800万套车载镜头产品、200万套新型投影镜头产品。上文提到，IPO募投项目将新增各类光电镜头1740万台，此次定增项目拟新增2000万套镜头产能是否有必要？此外，据上市公司2019年年报，随着产能扩充和释放，公司存产能利用不足的风险，即存在产能闲置和过剩的风险。,定增预案显示，此次非公开发行股票由龚俊强全额认购。龚俊强是联合光电的实控人及控股股东之一，还担任公司董事长。此次认购，龚俊强要拿出约4.75亿元现金，看来其“不差钱”。,但根据上市公司的公告，龚俊强似乎又“差钱”。截至2020年6月10日，龚俊强将1548.8万股股票质押，占其所持股份的64.07%。wind还显示，龚俊强累计未解押股票的加权平均质押起始日参考股价为7.87元，较最新价涨跌幅为-50.62%。,认购对象到底差不差钱，其认购资金从何而来？这还有待上市公司进一步披露。,业绩放缓 人事频繁变动,定增背后，是联合光电业绩放缓的事实。,2019年，公司实现营业收入12.24亿元，同比增长4.72%，由2018年25.08%的营收增速下降至个位数。2020QI，公司实现营业收入1.53亿元，同比下降34%，实现净利润-0.1亿元，由盈转亏。,联合光电没有说明2019年业绩放缓的原因，对于2020年第一季度的亏损，公司称受春节季节性例行因素影响以及疫情因素综合影响。,分析可知，联合光电业绩放缓的结构性原因是公司对前五大客户较为依赖，尤其是严重依赖第一大客户海康威视。2017-2019年，公司对前五大客户的销售收入合计为7.76亿元、9.63亿元和9.65亿元，分别占当期总营收的83.1%、82.47%和78.87%；对海康威视的销售收入分别占当期总营收的60.18%、61.51%和59.70%。,不难看出，联合光电约6成的营收来自于海康威视。严重依赖大客户的风险不言而喻，比如，海康威视2020Q1营收仅下降了5%，联合光电的营收就下降了34%。,业绩不及预期，联合光电高级管理人员也频频变动。,4月8日公告称，瞿宗金因工作调整的关系申请辞去董秘一职；6月2日公告称，公司实控人之一的邱盛平也因工作调整原因辞去副总经理一职，但继续担任公司副董事长。,如果将时间轴拉长至最近一年，联合光电很多重要岗位都有变动。2019年4月，温斌斌因个人原因于近日申请辞去审计部负责人的职务，辞职后不再担任公司任何职务；2019年5月，徐雁双因个人原因，申请辞去公司证券事务代表一职；2019年8月，龚俊强不再兼任总经理一职，由李成斌担任公司总经理。,6月2日，在重要岗位频繁变动的背景下，联合光电发布股权激励草案，或想借此稳定军心。该激励方案惠及173人，包括总经理李成斌、财务总监瞿宗金、董秘梁绮丽及170名管理人员、核心技术人员，共授予900万份股票。,公告显示，联合光电这次股权激励解锁的业绩考核目标为：2020-2022年营业收入分别不低于12.3亿元、14.5亿元、18.4亿元。但有意思的是，公司2019年的营业收入为12.24亿元，2020年业绩考核目标仅比2019年营业收入增长600万元。如此之低的激励目标也引来了市场和监管部门的质疑，深交所要求联合光电说明股权激励是否存在刻意设置较低考核指标向相关人员输送利益等情形。,责任编辑：公司观察",https://finance.sina.com.cn/stock/observe/2020-06-17/doc-iirczymk7557533.shtml,sinaStock
9,2020-06-17 20:50:00,“一元定增”引援国资、曾经跌破面值 *ST华塑起死回生？,"“一元定增”引援国资，曾经跌破面值，如今起死回生？,李少鹏,在湖北国资潜在的入主预期下，*ST华塑近期股价一路上涨，6月17日更是强势涨停。在摆脱了面值退市的窘境后，湖北国资的接手或将为这家已连亏两年的上市公司注入发展新动力。,筹划近一个月后，*ST华塑抛出A股市场少见的“1元定增”方案。,根据16日晚披露的增发方案，公司拟以1元/股价格向湖北资管定增2.48亿股，募资总额约2.48亿元将用于补充流动资金。本次增发完成后，湖北资管将成为公司控股股东，公司实控人将变更为湖北省国资委。,引入国资力求“解围”,事出必有因。*ST华塑现实控人李雪峰、张子若夫妇交出上市公司控制权，旨在保住公司岌岌可危的上市地位。,因连续两年净利润为负值、且经审计的2019年末公司净资产为负值，根据相关规定，“华塑控股”证券简称从今年4月1日起变更为“*ST华塑”。,披星戴帽后，公司股价便一路下跌，在4月1日至5月20日的32个交易日内，股价累计跌幅达到50.27%。其中，5月19日更是跌破1元面值，5月20日0.92元/股的收盘价也创下新低。,本就面临潜在暂停上市风险的*ST华塑，在股价跌破1元后又迎来了面值退市的巨大“考验”。见此状况，公司实控人开始向市场释放积极信号，拟通过引入实力战投扭转困局。,回查公告，公司控股股东西藏麦田、实控人李雪峰、张子若在5月13日晚就表示，“正在与潜在战略投资者进行沟通协商，但目前尚未签订相关协议”；5月19日晚，在公司当日收盘价跌破1元后，公司又称，控股股东及实控人与潜在战略投资者已达成一致意向并形成初步方案。,在面值退市的压力下，公司方面明显加快了引入战投事项的推进节奏。5月20日晚，公司披露了筹划定增事项的提示公告，并表示该事项可能导致公司控制权变更。同时，此前的“潜在战投”也最终确定为湖北国资委旗下的湖北资管。,在湖北国资入主的“利好”预期下，公司股价也触底反弹。,统计数据显示，5月21日至6月17日的20个交易日内，公司股价累计上涨56.52%，6月17日收盘价为1.44元/股，可以说已暂时摆脱了面值退市的危机。,国资入主带来“生机”,湖北国资的及时出手对于正处在“保壳”关键节点的*ST华塑而言，可谓一场“及时雨”。,公开资料显示，湖北资管成立于2015年2月，控股股东为宏泰资本运营集团，实际控制人为湖北国资委。,据定增预案，截至6月17日，李雪峰、张子若夫妇通过西藏麦田间接持有*ST华塑1.99亿股（占公司总股本的24.13%），为公司实际控制人，西藏麦田为公司控股股东。,而本次发行前，湖北资管未持有*ST华塑股份，此次定增经股东大会审议通过后，湖北资管将接受西藏麦田6438.77万股所对应的表决权委托。,发行完成后，湖北资管还将持有*ST华塑2.48亿股股份，占公司总股本的23.08%，控制表决权比例为29.08%，由此成为公司控股股东，湖北国资委成为公司实际控制人。同时，*ST华塑原控股股东西藏麦田持股比例将从24.13%下降到18.56%。,值得一提的是，拟接手*ST华塑的湖北资管其实与公司“早有交集”。,早在2017年11月，*ST华塑曾披露，控股股东西藏麦田与湖北资管签署了《股票质押合同》，西藏麦田将其持有的公司股份共计约1.98亿股（占公司总股本的 24.01%）分两笔质押给湖北资管，融资额为7亿元。,股票质押完成后，由于*ST华塑股价下跌，西藏麦田未能按时、足额追加质押股票或保证金，造成实质违约。而作为相关债权债务纠纷的解决措施，西藏麦田的股东浦江域耀于2018年7月24日将其持有的西藏麦田100%股权以让与担保的方式过户至湖北资管全资子公司新宏武桥名下。,天眼查数据显示，目前西藏麦田的控股股东仍为新宏武桥，法定代表人为湖北资管方面的吴波。,以当时1.98亿股、7亿元的融资额度粗略计算，目前*ST华塑1.44元的股价已令该部分股票市值严重“缩水”，湖北资管如今再掏2.48亿元拿下*ST华塑控制权，颇有“救公司于水火”的意味。,记者注意到，*ST华塑经营情况不容乐观。财务数据显示，公司2018年至2020年一季度，分别实现净利润-5372万元、-1.29亿元、-705万元。除了业绩不振外，公司经审计的2019年末公司净资产也为负值。,对于湖北资管此次定增“输血”，*ST华塑表示，本次发行将提升主营业务生产经营能力，公司的抗风险能力将进一步增强，也有利于公司未来通过各种融资渠道获取低成本的资金，促进公司构建多层次的融资结构。,责任编辑：陈志杰",https://finance.sina.com.cn/stock/s/2020-06-17/doc-iirczymk7556993.shtml,sinaStock
10,2020-06-17 20:48:00,沪伦通第二单:中国太保GDR挂牌上市 发行价较当前A股折价不足10%,"沪伦通第二单！中国太保GDR挂牌上市， 发行价较当前A股折价不足10%,原创 黄一灵,沪伦通第二单来了！,伦敦时间6月17日上午9时，中国太保沪伦通全球存托凭证（GDR）于伦敦证券交易所沪伦通板块正式挂牌（证券代码：CPIC）交易。中国太保由此成为第一家A+H+G上市（上海、香港、伦敦）的保险公司。,北京时间6月17日下午，中国太保在伦交所和上交所举行“云上市”仪式。,据悉，中国太保本次发行的GDR预计于2020年6月17日（伦敦时间）开始附条件交易，预计于6月22日（伦敦时间）正式在伦敦证券交易所上市。,即将迎来“而立之年”的中国太保表示，将继续聚焦并获益于快速发展的中国保险市场，同时通过三地上市，公司也将提升国际影响力，在中国对外开放持续深化的背景下，进一步融入全球大市场，与全球优质资本共同分享中国保险业的发展红利。,发行价几无套利空间,中国太保此前宣布，发行的GDR的价格区间初步确定为每份GDR17.60美元至19.00美元。6月16日晚，中国太保确定最终发行价格为17.60美元。,中国太保董事长孔庆伟告诉中证君，本次发行的最终价格，系在充分考虑公司现有股东利益、投资者接受能力以及发行风险等情况下，根据国际惯例和沪伦通监管要求，通过订单需求和簿记建档，根据境内外资本市场情况确定。最终发行价按比例换算后等于定价基准日前20个交易日基础股票A股收盘价均价的90%。,6月17日，中国太保A股收盘价为27.52元/股，下跌1.08%。,中国太保上市以来走势（季度K线）,公开资料显示，沪伦通第一单为华泰证券，当时华泰证券GDR与A股换股套利空间近40%。在此背景下，市场预期太保GDR定价或大幅低于A股价格。,天风证券分析师罗钻辉认为，考虑到5%—10%的套利成本，太保此次发行的GDR基本无套利空间，此前市场对套利的担忧解除。,在发行规模上，在超额配售权行使之前，太保本次发行的GDR数量为约1.03亿份，募集资金总额为18.106亿美元。假设超额配售权悉数行使，太保合计发行GDR不超过约1.13亿份，募集资金总额则为19.916亿美元。,其中，瑞士再保险旗下成员Swiss Re作为基石投资者认购2888.34万份太保GDR，占本次发行GDR总数（超额配售权行使前）的28.08%，且锁定三年的禁售期。,“三地上市不是融资工具，而是作为一个可持续发展的平台，搭建太保的整体竞争力。”孔庆伟称。,发行速度超预期,2019年9月，中国太保宣布发行GDR的计划。同年11月，太保临时股东大会通过关于发行GDR并在伦交所上市的相关议案。,5月7日晚，中国银保监会原则同意中国太保发行GDR并在伦交所上市。6月2日晚，中国证监会亦对此批复发行。,伦敦时间6月10日，中国太保在伦交所正式刊发意向确认函。12日，其GDR招股说明书获得英国金融行为监管局批准，并初步确定价格区间和发行规模，16日确定最终发行价格。,也就是说，41天内，中国太保便完成GDR发行前序全部监管审批以及发行价格、结果等事宜。,孔庆伟表示：“在发行上市完成后，我们会在依法合规的基础上，进一步加强投资者沟通工作，利用多种形式展示中国太保的业绩与亮点，增强GDR持有人的长期持有信心。从长远来看，我们会继续牢牢把握高质量发展主线，专注主业、做精专业，为股东创造长远优质回报。”,打造国际化布局,根据规划，太保本次GDR募集资金总体上将用于推进公司的国际化布局及补充资本金。,具体而言，一方面将围绕保险主业，择机通过股权投资、合作结盟及兼并收购等方式，逐步发展境外业务；另一方面，搭建海外创新领域投资平台，关注健康、养老、科技等方向的布局，支持保险主业的发展。,从募集资金用途来看，围绕保险主业进行国际化布局是其发行GDR的重要原因。,孔庆伟表示，中国太保明年即将三十而立，发行GDR并在伦交所上市，一方面太保可以丰富股东结构，向西方先进同业学习，引进其风控、技术等；另一方面欧洲投资者也通过这个窗口了解中国资本市场。,孔庆伟进一步表示，GDR是中国太保支持上海国际金融中心建设、打造上海金融机构名片的有益实践。在伦交所上市后，公司可在现有“亚洲时段”基础上增加“欧洲时段”，形成公司的“全球时段”，提升中国太保在全球资本市场的曝光度、知名度和影响力，从而打造一张亮眼的上海金融机构名片。,“公司将借助伦交所平台，塑造太保国际知名险企品牌形象，向全球展示上海国际金融中心的建设成果，进一步提升上海在亚太地区及全球范围内的国际地位。”孔庆伟称。,责任编辑：陈志杰",https://finance.sina.com.cn/stock/s/2020-06-17/doc-iircuyvi9027521.shtml,sinaStock
11,2020-06-17 20:44:00,熊猫互娱拍卖周边13.8万元 身背债务破产清算是好出路？,"6月17日消息，前天，熊猫互娱的一批周边产品，正式在阿里拍卖开始进行破产拍卖，起拍价51元起，此事一时间登上热搜。而昨日淘宝网上的一系列拍卖已经完成，据初步计算，这些拍品共拍卖了13.8万元，将用于破产清算。,虽然此次拍卖周边产品变现的13.8万元与熊猫互娱的巨额债务相比显得杯水车薪，但上海市浩信律师事务所高依升律师认为：“大小都要拍卖，拍卖就是变现。”,拍卖期间上线的394个标的，起拍价从51元到500余元不等，均为熊猫互娱定制周边产品，其中拍品包括帽子、拖鞋、帆布包、手机壳、充电宝等23种物品，熊猫互娱将多件物品组合成为“福袋”并各自命名，进行组合销售。,新浪财经从阿里拍卖官网上看到，上线的394个标的全部成交，最高价产品的成交价为5280元，溢价率956%，最低价产品的成交价为100元。此外，出价次数最多的产品为100次，原价2057元，最终成交价为5271元，溢价率为10235%，总共获得89062次围观，并有2438人报名。当然，也有很多产品的最终成交价远低于其市场价。,今年年初，1月6日，人民法院公告网公布的破产文书显示，上海市第三中级人民法院根据上饶市翼飞科技有限公司的申请，于2019年11月13日作出（2019）沪03破299号民事裁定书，裁定受理债务人上海熊猫互娱文化有限公司破产清算一案，并指定上海市海华永泰律师事务所为管理人。,2019年12月26日，由王思聪100%持股并担任董事长的北京普思投资有限公司（简称“普思资本”）就曾对外发布公告，披露了熊猫互娱投资纠纷的处理结果。公告称，经过近两个月的几十轮商谈，普思资本与熊猫互娱数十位投资人全部达成协议，所有投资人都得到了赔偿，熊猫互娱近20亿元巨额投资损失全部由普思资本及实控人自己承担。,那么，在投资人均已拿到赔偿的情况下，熊猫互娱为何走上破产拍卖之路？,对此，高依升律师告诉新浪财经，从熊猫互娱的股权结构和投资结构来看，其债务类型多，除了投资人作为一类之外，还有其它债权，如著作权使用、服务合同、银行债权，股本金也亏损了，因此只有通过破产清算，公平清偿债权，重组公司。,天眼查显示，熊猫互娱成立于2015年7月，注册资本约为1.55亿元人民币，法定代表人为龙飞。根据其股权结构，该公司共计19位股东，其中王思聪全资持股的珺娱（湖州）文化发展中心为该公司大股东，因此，熊猫互娱最终受益人为王思聪，同时也是疑似实际控制人，其持股比例为40.07%。,有媒体报道，该案件主要负责人——上海市海华永泰律师事务所吴忠健律师曾表示，熊猫互娱的债务总额目前还没有准确数字，管理人正在债权审核过程中，最终以人民法院裁定确认为准。,“这个公司一直伴随新闻，新闻有热度了，也许最后公司的壳就能值点钱。” 一位财经相关律师这样表示。（新浪财经 邹沅铮）,责任编辑：陈志杰",https://finance.sina.com.cn/stock/s/2020-06-17/doc-iirczymk7556307.shtml,sinaStock
12,2020-06-17 20:33:00,梦天家居IPO： 第一大产品销量连降 毛利率波动异常,"近日，梦天家居集团股份有限公司 （下称“梦天家居”）公开了招股书。招股书显示，梦天家居拟公开发行股票不超过5536万股，拟募集资金不超过9.8亿元，用来扩产、营销及补充流动资金。,IPO前夕，梦天家居营收增长乏力，第一大主营产品木门类的销量连续下滑，虽然靠提高单价的方式维持毛利短期增长，但也丧失了拓展市场的机会。,同时，梦天家居的毛利率也颇为异常。招股书显示，公司毛利率的提升不仅依赖单价提高，还依赖成本的大幅下降，近两年成本下降提升了近10个百分点的毛利率。但是，同行公司的营业成本并没有大幅下降，梦天家居成本下降的解释也存在较大质疑。,营收增长乏力,招股书显示，梦天家居的主营业务是木门、墙板、柜类等定制化木质家具的设计、研发、生产和销售。2017-2019年，公司分别实现营业收入14.82亿元、13.45亿元和13.48亿元，同比分别增长-9.28%和0.26%（2018年和2019年），增长乏力；分别实现归母净利润0.69亿元、0.94亿元和1.88亿元，同比分别增长36.8%和99.35%（2018年和2019年）。,分析可知，梦天家居净利润增速超过营收增速的原因是：毛利率大幅增长、费用压缩。2017-2019年，梦天家居主营业务毛利率分别为27.48%、31.82%和36.92%；分产品看，木门类、柜类、墙板及其他家具的毛利率都有所增长。,招股书显示，公司毛利率的增长因为产品单价提高、主营成本大幅降低。除细分产品门线的成本有所上升外，其他细分产品的成本都下降且单价连续提升。,与此同时，梦天家居还通过压缩费用的方式增利。2017-2019年，公司的销售费用分别为2.12亿元、2.04亿元和1.65亿元，逐年降低。,从财务角度分析，毛利率的提升、销售费用的降低都会让财报好看。但结合公司主营业务分析，就会产生一个很大的疑问：为什么在毛利率大幅增长的情况下，公司营收增长如此乏力？,原来是梦天家居第一大主营产品木门类的销量连年下降。,招股书显示，2017-2019年，木门类产品的收入分别为12.33亿元、10.12亿元和9.73亿元，分别占当期总营收83.67%、76.93%和74.05%，是公司第一大主营产品。2018 年度，公司门扇、门套、线条销售数量分别下降 21.13%、19.50%与15.05%；2019 年度，公司门扇、门套、线条的销量分别下滑 10.47%、4.46%与 2.97%。,尽管梦天家居通过提高单价的方式提高了木门类的毛利，以此对冲销量下降造成的损失，但长期来看，提价有损公司开拓市场。而同行公司在激烈的竞争中降低单价，提高市场份额。比如，招股书提到欧派家居，为尽快抢占市场份额，销售定价较低。,毛利率存疑,报告期内，梦天家居的毛利率快速增长，这与同行公司的变动趋势相异。招股书中，梦天家居将毛江山欧派、索菲亚、欧派家居、顶固集创作为可比同行上市公司。2017-2019年，四家同行上市公司的毛利率波动都较为平缓，均值分别为35.89%、36.61%和35.98%。,上文提到，梦天家居毛利率的增长除了依靠提价，还依赖成本的大幅降低。招股书显示，2017-2019年，公司的主营业务成本分别是10.68亿元、8.97亿元和8.29亿元，占营业收入的比例分别为72.12%、67.25%和61.75%，逐年降低。,其中，营业成本降低主要是因为直接材料成本的大幅下降，2017-2019年，梦天家居直接材料金额分别为7.77亿元、5.79亿元和5.17亿元，占总成本的72.74%、64.54%和62.4%。,公司称，2018 年直接材料占比降幅较大，主要系2017年是公司“油改水”转型初期，因工艺的不稳定使得单位产品耗用的材料成本相对较大，而2018 年公司工艺趋于稳定，同时公司开始对板材类、线条材料进行定长定尺的优化采购，减少了生产环节的成本耗费所致。也就是说，梦天家居成本下降较多是因为“油改水”工艺稳定及优化采购所致。,有意思的是，同样突破油改水工艺的同行公司并没有出现成本大幅下降的情况。与梦天家居业务结构最相似的江山欧派，其2018年攻克了水性漆技术，但是其直接材料占比并没有大幅下降，2017-2019年的直接材料占总成本的比值分别为73.06%、74.95%和73.35%，比较稳定。,那为什么梦天家居的直接材料占比能够在两年时间里下降10个百分点，难道公司产品需要的直接材料大量变少？此外，梦天家居成本大幅下降后，较同行有了成本优势，可公司还是选择了提高产品单价，为何不利用好成本优势降低单价拓展市场？,责任编辑：公司观察",https://finance.sina.com.cn/stock/observe/2020-06-17/doc-iirczymk7554711.shtml,sinaStock
13,2020-06-17 20:28:00,一头扎进红海、逆势扩张产能 威华股份遭遇市场“耳光”,"一头扎进红海，逆势扩张产能，威华股份遭遇市场“耳光”,来源：富凯财经,富凯摘要,招商证券墙裂推荐，并没有赢得投资者的响应，卖掉主业进入一个产能过剩的市场，有什么理由叫好呢？,作者|股伯通,排版|十    一,6月17日，威华股份的定增预案遭遇一记响亮的“耳光”，股价低开之后便直奔跌停，在跌停板附近挣扎了20多分钟后，便牢牢封死跌停，位列两市跌幅榜榜首。,2019年锂价格跌入低谷之后，锂盐产品供过于求并没有明显改观，2020年的形势不容乐观，投资者此举并不为过。,上半年亏超去年,今年4月30日，威华股份发布的一季报显示，1-3月实现营业收入2.42亿元，同比下降53.92%；归属于上市公司股东的净利润-5721.42万元，同比下降403.44%。公司表示，因新冠爆发，公司业务受到影响，锂盐产品价格较去年同期下降，纤维板本期产销量较去年同期减少，部分产品价格较去年同期下降。,但今年一季度，家用轻工行业上市公司的平均营业收入增长率为9.06%，平均净利润增长率为15.49%，并没有出现威华股份如此惨烈的表现。,更令人担忧的是，威华股份发布的2020年半年度业绩预告称，预计净利润-10000万元至-7000万元，大幅超过去年全年的亏损规模，而去年同期净利润为5663.04万元。,由于两大主业遭遇滑铁卢，威华股份的资金饥渴状况不难想见，其应对策略是卖掉第一大主业纤维板的大部分股权，同时定向增发股份募集资金。,6月11日，威华股份发布公告，公司正在筹划资产出售的事项，出售的标的资产为公司人造板业务相关资产，包括公司全资子公司广东威利邦木业有限公司、湖北威利邦木业有限公司、河北威利邦木业有限公司、辽宁台安威利邦木业有限公司各55%的股权。目前，公司正与交易对手方盛屯集团就该事项进行洽谈，盛屯集团为公司控股股东，本次交易将构成关联交易。截至2020年5月31日，本次拟出售的人造板业务相关资产总资产217，913.08万元，净资产141，812.34万元（未经审计），分别占公司最近一期经审计的总资产和归属于母公司净资产的44.62%、55.88%；该资产初步评估值为165，000万元至173，000万元。,据招商证券测算，考虑到估值高于净资产，公司出售55%股权，若2020年能够完成，预计给上市公司贡献约1亿元左右净利润。,既然交易对手方是控股股东，为了不让公司跌入ST的尴尬境地，关键时候通过购买资产这种方式向其输送一些利润也是可以理解的，所以估值必须高于净资产，招商证券的推测应该是合乎逻辑的。,卖掉如此大一笔资产，依然不能解决威华股份的资金紧张问题。6月16日，威华股份发布公告称，计划以锁价定增方式，向盛屯益兴、盛屯汇泽、厦门屯濋（拟设立）、瑞华控股指定的控股或全资子公司、科创嘉源、杉杉创晖基金（拟设立）非公开发行不超过2.232亿股，发行价格为8.29元/股，募集资金不超过18.5亿元，扣除发行费用后将全部用于补充流动资金和偿还有息负债。,公告显示，盛屯益兴、盛屯汇泽为公司控股股东盛屯集团的全资子公司，厦门屯濋（拟设立）的普通合伙人及主要出资人为盛屯集团。可以看出，变卖资产靠控股股东，定向增发输血依然要向控股股东求助。,逆势扩张产能,公告显示，瑞华控股指定的控股或全资子公司、科创嘉源、杉杉创晖基金（拟设立）则为威华股份此次定增引入的战略投资者。定增完成后，上述3位战投将依次持有上市公司4.99%、3.74%、2.49%股份。,瑞华控股成立于2003年，实际控制人为张建斌，公司主要从事股权投资业务，长期聚焦并投资国内新能源材料企业、动力电池设备厂商、动力电池厂商、光伏企业，拥有一支新能源产业链专家团队。,威华股份与瑞华控股、科创嘉源、上海杉杉创晖创业投资管理有限公司分别签订《附条件生效的战略合作暨股份认购协议》，瑞华控股将利用其产业资源，为威华股份的客户群体拓展助力，促成业务资源实质落地。科创嘉源将与威华股份在并购方面展开合作，为其筛选并推荐相关优质标的，协助上市公司进一步完善产业链。杉杉能源将把威华股份纳入长期战略合作的供应商名录，并作为优先采购对象。,但是这样能为威华股份保驾护航吗？从市场的反应来看，恐怕不能。,西藏矿业坦言，锂盐产品依然处于供大于求，供应端呈现以矿石提锂减产，盐湖提锂增产的局面。以澳矿为代表的锂矿，除泰利森外其他矿山均实行了不同程度的减产、停产、延期扩产的措施，即便如此，供应依然充足，依然处于去产能、去库存阶段。预计2020年整体还是供过于求，未来年新能源需求增长速度依然低于锂材料产量增长，特别是随着技术进步锂的开发、提纯会相对容易，市场竞争会更加激烈。,江特电池表示，受新能源汽车补贴退坡影响，2019年碳酸锂市场供需失衡，产能过剩及去库存等因素导致碳酸锂价格持续下跌，从年初6.8万元/吨跌至年末4.2万元/吨。,而威华股份的主要产品正是碳酸锂，其全资子公司致远锂业目前锂盐产能2.5万吨，包含碳酸锂产能1.8万吨，氢氧化锂产能5000吨，氯化锂2000吨。2020年上半年新增2万吨锂盐产能，届时公司的实际产能将达到4.5万吨。,即便如此，招商证券依然对威华股份维持“强烈推荐-A”投资评级。由于锂盐价格下跌，预计公司2020-2022年净利润0.38亿、1.29亿和1.92亿，对应市盈率为242、71.5和28.1倍。而信达证券仅预测其2020年市盈率为60倍，对应股价为9.73元。,免责声明：自媒体综合提供的内容均源自自媒体，版权归原作者所有，转载请联系原作者并获许可。文章观点仅代表作者本人，不代表新浪立场。若内容涉及投资建议，仅供参考勿作为投资依据。投资有风险，入市需谨慎。,责任编辑：陈志杰",https://finance.sina.com.cn/stock/s/2020-06-17/doc-iirczymk7554135.shtml,sinaStock
14,2020-06-17 20:20:00,海峡股份：关于董事、独立董事辞职的公告,"股票简称：海峡股份         股票代码：002320         公告编号：2020-21,海南海峡航运股份有限公司,关于董事、独立董事辞职的公告,本公司及董事会全体成员保证公告内容真实、准确和完整，并对公告中   的虚假记载、误导性陈述或者重大遗漏承担责任。,海南海峡航运股份有限公司（以下简称“公司”）董事会于 2020 年 6 月 17日收到公司董事杜刚先生、董事李儒平先生、董事杨真永先生、独立董事马战坤先生的书面辞职报告。董事杜刚先生、李儒平先生、杨真永先生因工作调整申请辞去董事及所任专业委员会委员职务，辞职后，上述三人将不再担任公司任何职务。独立董事马战坤先生在公司任职独立董事已满六年，根据上市公司独立董事任职年限的有关规定，申请辞去公司独立董事及董事会下设各专业委员会相关职务，辞职后不再担任公司任何职务。,此次四名董事辞去董事职务，导致公司董事会成员低于法定人数，根据《公司法》、《公司章程》的规定，辞职报告应当在下任董事填补因辞职产生的空缺后方能生效。公司已于同日召开董事会会议提名董事候选人及独立董事候选人，将尽快按照法定程序完成董事补选工作。四名董事的辞职不会影响到公司的正常生产经营。,公司董事会对董事杜刚先生、董事李儒平先生、董事杨真永先生、独立董事马战坤先生在职期间的勤勉工作深表感谢！,特此公告,海南海峡航运股份有限公司,董 事 会,二○二○年六月十八日,责任编辑：小浪快报",https://finance.sina.com.cn/stock/ggzz/2020-06-17/doc-iirczymk7552852.shtml,sinaStock
15,2020-06-17 20:20:00,海峡股份：关于监事辞职的公告,"股票简称：海峡股份        股票代码：002320          公告编号：2020-20,海南海峡航运股份有限公司,关于监事辞职的公告,本公司及监事会全体成员保证公告内容真实、准确和完整，并对公告中   的虚假记载、误导性陈述或者重大遗漏承担责任。,海南海峡航运股份有限公司（以下简称“公司”）于2020年6月17日收到公司监事林海先生及监事会主席黎华女士递交的书面辞职报告，林海先生因工作调整原因请求辞去其担任的公司监事职务, 林海先生辞职后不再担任公司任何职务。黎华女士因工作调整原因请求辞去其担任的公司监事及监事会主席职务,辞职后黎华女士拟被提名为公司第六届董事会董事。公司监事会成员不因上述两人的辞职低于法定人数，公司将于同日召开监事会会议提名新的监事候选人。,公司监事会衷心感谢黎华女士及林海先生在担任监事期间为公司发展做出的贡献！,特此公告,海南海峡航运股份有限公司,监 事 会,二○二○年六月十八日,责任编辑：小浪快报",https://finance.sina.com.cn/stock/ggzz/2020-06-17/doc-iirczymk7552846.shtml,sinaStock
16,2020-06-17 19:57:00,6月18日涨停板早知道：七大利好有望发酵,"炒股就看金麒麟分析师研报，权威，专业，及时，全面，助您挖掘潜力主题机会！,新浪财经讯 6月17日消息，有七大利好可能影响明日股市，具体为：,孚日股份：控股股东拟将总股本18.72%转让给华荣实业 公司控制权将发生变更,孚日股份公告，公司于近日收到控股股东孚日控股的通知，孚日控股与华荣实业于2020年6月17日签署了《附生效条件的股份转让协议》，将其持有的公司1.7亿股股份（占公司股本总额的18.72%）转让给华荣实业。本次股份转让事项正式完成后，公司控制权将发生变更。,吉华集团：一致行动协议到期 变更为邵伯金单一实控人,吉华集团公告，公司实际控制人邵伯金与徐建初签署的《一致行动协议》于2020年6月15日到期，双方不再续签一致行动人协议，双方的一致行动人关系解除。公司控股股东由锦辉机电、萧然工贸变更为锦辉机电单一控股股东；实际控制人由邵伯金、徐建初，变更为邵伯金单一实际控制人。,渤海汽车：北京奔驰确认子公司为其部分产品指定国产化供应商,渤海汽车公告，公司子公司滨州轻量化收到北京奔驰汽车有限公司指定传统车型铝压铸结构件后减震塔及指定新能源车型铝压铸结构件后支架的货源确认书。北京奔驰确认滨州轻量化为其指定传统车型铝压铸结构件后减震塔及指定新能源车型铝压铸结构件后支架的国产化供应商,凯普生物：子公司研发的核酸检测试剂盒被列入WHO应急使用清单,凯普生物公告，全资子公司潮州凯普生物化学有限公司研发的新型冠状病毒2019-nCoV核酸检测试剂盒（荧光PCR法）（英文全称“COVID-19Real-TimePCRKit”）于2020年6月15日被列入WHO应急使用清单，可供其他国家和地区采购。如无特殊情况，该产品的可供采购期限为1年。,达安基因：核酸检测试剂盒等耗材的需求量大幅度增长,达安基因公告，公司股票连续三个交易日内收盘价格涨幅偏离值累计达到20%以上。针对股票异常波动，说明如下：市场对新型冠状病毒（2019-nCoV）核酸检测试剂盒及核酸检测仪器、相关耗材的需求量大幅度增长，对公司业绩产生了积极影响。鉴于疫情发展、产品价格波动等因素影响，公司的核酸检测产品对公司业绩影响的持续性目前尚无法估计。,宇环数控：签订总额2.22亿元日常经营合同,宇环数控公告，公司于2020年6月16日与捷普成都签署《采购合同》，根据合同约定，公司将为捷普成都提供数控多工位抛光机设备与服务等，合同总金额为人民币2.22亿元。,盛通股份：拟5000万元-1亿元回购股份,盛通股份公告，公司拟使用自有资金以集中竞价交易方式回购公司股份，本次回购股份拟用于实施股权激励或员工持股计划。,责任编辑：逯文云",https://finance.sina.com.cn/stock/e/2020-06-17/doc-iirczymk7550391.shtml,sinaStock
17,2020-06-17 19:52:00,乐视退澄清：未收到来自贾跃亭方面有关公司股东赔偿计划或者安排,"新浪财经讯  6月17日消息，乐视退（维权）澄清：公司未收到任何来自贾跃亭先生或贾跃亭债务处理小组的有关公司股东赔偿计划或者安排。基于目前已经存在的基础现状，目前公司及“28 万乐视网股民”均不属于贾跃亭先生个人债务的债权人。,责任编辑：逯文云",https://finance.sina.com.cn/stock/s/2020-06-17/doc-iircuyvi9020268.shtml,sinaStock
18,2020-06-17 19:25:00,文化长城回复深交所问询函 董事:失信被执行人为何还能当董事长？,"原标题：文化长城回复深交所问询函 董事：失信被执行人为何还能当董事长？,来源：每日经济新闻,6月16日晚间，文化长城同时对深交所的两份问询函披露了回复函，问询函中一封是关于股东大会多项议案未审议问题，另一封则是关于文化长城的内部治理以及财务问题。,其中，文化长城董事会对于解除董事长蔡廷祥及其配偶吴淡珠的职务两份议案，并未在股东大会上审议。文化长城认为，该事项属于董事会议事范围，不属于股东大会议事范围。,6月17日，董事许高镭告诉《每日经济新闻》记者，“蔡廷祥已经被列为失信被执行人，按照法律规定，不能在公司内担任董监高职务，我的议题是解除蔡廷祥的董事长职务，蔡廷祥担任董事长已经失去法律效力。”同日，记者向文化长城董秘任锋发去采访提纲，截至发稿，并未获得回复。蔡廷祥为失信被执行人,文化长城的股东内讧事件还在继续。,6月16日晚间，文化长城在回复深交所问询函中表示，对于部分股东提出的《关于解除蔡廷祥先生之公司董事长、董事、总经理职务的议案》以及《关于解除吴淡珠女士之公司副董事长、董事、副总经理职务的议案》未提交股东大会审议，理由是上述议案不属于股东大会议事范围。根据文化长城公司章程，董事长及副董事长的任免应由董事会选举产生。,议案提交人许高镭认为，蔡廷祥不应该继续担任上市公司董事长。他告诉记者，提出解除蔡廷祥董事长及董事职务，是因为蔡廷祥已经成为失信被执行人，担任公司董监高属于违规违法行为。“在我看来，蔡廷祥继续担任董事长已经失去了法律效力。”,记者发现，《公司法》第一百四十六条规定，存在五类情形之一的，不得担任公司的董事、监事、高级管理人员。其中一项即为，个人所负数额较大的债务到期未清偿。公司法规定，公司违反规定选举、委派董事、监事或者聘任高级管理人员的，该选举、委派或者聘任无效。,同时，根据最高人民法院、公安部等多部门联合签署的《“构建诚信惩戒失信”合作备忘录》的通知，里面明确规定“失信被执行人为自然人的，不得担任企业的法定代表人、董事、监事、高级管理人员等。,文化长城历史公告显示，截至今年4月29日，董事长蔡廷祥已存在5条执行信息，其中两次被南京市江宁区人民法院列入失信被执行人，一次被广州市中级人民法院列入被执行人以及两次被深圳市福田区人民法院出具了《限制消费令》。,对于蔡廷祥担任文化长城董事长的合规性，《每日经济新闻》记者于6月17日向董秘任锋发去采访问题，但截至发稿，未获回复。内控存重大缺陷均为子公司原因,在同日披露的另一份函件中，深交所再次对文化长城的应收预付款以及子公司失控情况进行了问询。文化长城的回复显示，其对于3家供应商达4.34亿元的应收预付款2019年回款1.2亿元，同时对剩余的3.14亿元计提50%坏账准备，目前仍在催收回款，预计回款期限为2021年12月31日。,同时，作为处罚措施，对该事件的直接负责人，即财务相关负责人和总经理，扣除2020年全部年终奖。,而近年来闹得沸沸扬扬的子公司失控，多方还未能达成一致。文化长城与北京翡翠教育科技集团有限公司（以下简称翡翠教育）及其核心管理团队的相关诉讼在进行中，以及翡翠教育诈骗一案仍在立案侦查。,而与广东联汛教育科技有限公司（以下简称联汛教育）所签署的盈利补偿协议，文化长城表示联汛教育如未实现承诺利润数，应该对上市公司进行补偿；文化长城也已起诉联汛教育原实控人许高镭，要求其返还公章，并计划尽快完成2018年度业绩承诺实现情况专项审计。,意外的是，许高镭方面也向记者展示了一份文件，是他在6月7日签署的提案，提案中第五项明确显示，他要求董事会对公司（即文化长城）未进行子公司2019年审计工作的情况进行公开说明。,到底是上市公司不进行审计，还是联汛教育方面拒绝审计？两方说法未达成一致。,而深交所在问询函中提到，文化长城的内审部门认为，上市公司存在信息披露不规范（未及时披露公司诉讼的情况）、对外投资项目内控失效、财务核算方法运用不当导致前期会计差错更正、重大资金支出手续不完整等情况，公司财务报告、非财务报告存在内部控制的重大缺陷。,对此说法，文化长城一一说明情况：信息披露不规范（未及时披露公司诉讼的情况）是指翡翠教育原股东对公司进行诉讼，由于翡翠教育原股东较为分散，单个诉讼金额不大，前期未达到披露要求，故公司未披露相关诉讼情况，但公司在收到诉讼材料涉及累计金额达到披露要求时，第一时间履行了披露义务。,对外投资项目内控失效：公司分别于2019年6月和2020年1月披露了2018年度对全资子公司翡翠教育、联汛教育失去控制。,前期会计差错更正：由于联汛教育、翡翠教育拒绝配合审计，致使公司2018年审计报告被出具无法表示意见，公司宣布上述两家公司失控后，聘请中兴财光华对公司2018年重新审计，并于2020年4月20日披露了自查会计差错更正说明。,重大资金支出手续不完整：联汛教育购买无形资产未经董事会批准、股东决定。,可以看到，内部控制存在重大缺陷，均为子公司的原因。,6月17日，文化长城股价波动不大，截至收盘，股价上涨0.3%，报收于3.3元/股。",https://finance.sina.com.cn/stock/relnews/cn/2020-06-17/doc-iircuyvi9018695.shtml,sinaStock
19,2020-06-17 19:20:00,甘李药业中签号出炉 共有36180个,"新浪财经讯 6月17日消息，甘李药业6月17日晚间披露网上中签结果，中签号码共有36180个，每个中签号码只能认购1000股甘李药业A股股票。,责任编辑：逯文云",https://finance.sina.com.cn/stock/s/2020-06-17/doc-iircuyvi9017743.shtml,sinaStock
20,2020-06-17 19:20:00,*ST中珠关于董事辞职的公告,"证券简称：*ST 中珠             证券代码：600568            编号：2020-059 号,中珠医疗控股股份有限公司,关于董事辞职的公告,本公司及董事会全体成员保证本公告内容不存在任何虚假记载、误导性陈述或者   重大遗漏，并对其内容的真实性、准确性和完整性承担个别及连带责任。,中珠医疗控股股份有限公司（以下简称“公司”）董事会于近日收到董事司培超先生、徐勤女士的书面辞呈。司培超先生因个人原因，申请辞去公司第九届董事会董事、董事会战略委员会委员、董事会审计委员会委员职务，司培超先生辞职后仍担任公司常务副总裁职务。徐勤女士因个人原因，申请辞去公司第九届董事会董事、董事会提名委员会委员、董事会薪酬与考核委员会委员职务，徐勤女士辞职后仍担任公司人力行政中心总监职务。,根据《公司法》、《公司章程》等有关规定，司培超先生和徐勤女士的辞职未导致公司董事会成员低于法定人数，其二人的辞职不会影响公司董事会工作的正常运行，司培超先生和徐勤女士的书面辞呈自送达董事会之日起生效。公司将尽快完成董事的补选工作。,司培超先生和徐勤女士在任职期间，恪尽职守、勤勉尽责，为公司规范运作发挥了积极作用，公司董事会对司培超先生和徐勤女士在任职期间为公司发展所做的贡献表示衷心感谢！,特此公告。,中珠医疗控股股份有限公司董事会,二〇二〇年六月十八日,责任编辑：小浪快报",https://finance.sina.com.cn/stock/ggzz/2020-06-17/doc-iircuyvi9015573.shtml,sinaStock
21,2020-06-17 19:20:00,弘业股份关于董事会秘书辞职的公告,"股票简称：弘业股份             股票代码：600128                编号：临 2020-033,江苏弘业股份有限公司,关于董事会秘书辞职的公告,本公司董事会及全体董事保证本公告内容不存在任何虚假记载、误导性陈述或者重大遗漏，并对其内容的真实性、准确性和完整性承担个别及连带责任。,江苏弘业股份有限公司（以下简称“公司”）于 2020 年 6 月 17 日收到董事会秘书罗凌女士的辞职报告。因工作变动，罗凌女士辞去公司董事会秘书职务。,罗凌女士在担任公司董事会秘书期间勤勉尽责、恪尽职守，为公司规范运作和健康发展发挥了积极作用。公司董事会对罗凌女士任职期间所做的贡献表示衷心感谢！,公司将按照相关规定，尽快完成董事会秘书的选聘工作。在董事会秘书空缺期间，公司董事会指定董事、总经理姜琳先生代行董事会秘书职责，直至公司聘任新的董事会秘书。,特此公告。,江苏弘业股份有限公司,董事会,2020 年 6 月 17 日,责任编辑：小浪快报",https://finance.sina.com.cn/stock/ggzz/2020-06-17/doc-iirczymk7544830.shtml,sinaStock
22,2020-06-17 19:03:00,太龙照明上演“蛇吞象”式收购  标的公司严重依赖上下游,"太龙照明上演“蛇吞象”式收购 ，标的公司严重依赖上下游，与客户双向交易存疑,来源：红刊财经,原创 红刊社,6月13日，太龙照明更新了收购草案（修订稿），并答复了深交所问询函。草案显示，太龙照明拟以现金7.5亿元收购全芯科、Upkeen Global和Fast Achieve的100%股权，上述标的主要持有的业务实体为博思达、芯星电子及其子公司全芯科微、博思达国际，故将标的公司合称为博思达。,《红周刊》记者查阅收购草案及问询函回复发现，收购完成后，太龙照明将新增巨额商誉，而博思达此前与主要客户及供应商签署的合同中，涉及实控权变更条款，其存上下游重要资源流失的风险。同时，博思达与其主要客户既有采购，又有销售，如何确保交易的真实性也需要给出合理解释。,“蛇吞象”式收购恐埋下商誉“地雷”,太龙照明的主业为商业照明，本次收购标的博思达为半导体分销商，具体为无线移动市场、消费电子类、工业等市场的电子元器件分销代理。从主要业务来看，二者并不相同，故本次收购后上市公司将拓展为双主业。,据草案显示，截至2019年末，太龙照明、博思达的营业收入分别为5.6亿元、20.09亿元，博思达的营业收入占上市公司营业收入的比重为358.51%，意味着这是一起典型的“蛇吞象”式收购。,本次收购博思达的估值不低，截至评估基准日2019年12月31日，博思达在收益法下的评估价值为7.53亿元，同期其经审计的净资产账面价值为2.05亿元，故本次评估增值率为267.49%。,基于较高的估值，收购完成后，太龙照明将增加商誉5.37亿元，该金额占其备考合并报表2019年末归属于上市公司股东净资产的102.09%。如此高额的商誉对净利润仅五千多万元的太龙照明来说风险是巨大的，倘若后续博思达业绩不及预期，发生商誉减值，上市公司业绩恐怕将会遭到重创。,据问询函回复显示，以2019年上市公司备考合并数据为例，若本期商誉减值比例为5%，则太龙照明当期净利润将被削弱23.06%，若减值比例为50%，该减值金额甚至是当期太龙照明净利润的2倍多，上市公司的业绩将直接由盈转亏。,标的公司存大客户及供应商流失风险,博思达作为半导体的分销商，主要经营模式为向上游原厂采购，再向下游电子产品制造商销售，并在此过程中提供一系列技术服务。故其作为上下游产业链间的桥梁，上下游的资源对其来说都是至关重要的。,然而，据问询函回复显示，对于上游资源，博思达并非上游原厂的独家代理商，而且其还存在严重的大客户及供应商依赖。,草案显示，2018年、2019年，博思达向前五大供应商的采购占比分别为97.46%、91.71%，其向前五大客户的销售占比分别为91.69%、88.29%。可见，其业务的开展主要依赖于前五大客户及前五大供应商。,对第一大客户小米集团，博思达的依赖尤其严重，2018年、2019年，其对小米集团的销售金额分别为13.32亿元、12.46 亿元，占销售总额的比重为73.18%、62.01%。可见，博思达的收入主要来源于小米集团，可以说其命运紧紧的绑定在小米集团身上。,但值得注意的是，2019年，博思达对小米集团的销售额是有所缩减的，降幅约6%。据问询函回复显示，“这主要系2019 年小米集团的相关手机定位与博思达的第一大供应商Qorvo产品的匹配度有所下降，适用博思达代理产品线的机型占比有所下降，因此导致2019年度交易金额相较2018年度有所下滑。”这表明博思达在严重依赖上下游的情况之下，仅因为上下游的产品适配度问题，就直接影响到了其收入，可见其依赖程度有多严重。,更重要的是，博思达此次“卖身”后，实控人将变更为上市公司。而其与主要客户闻泰科技、第一大供应商Qorvo签署的交易合同中，涉及了控制权变更条款，具体为：如若博思达发生股权变更，对方有权解除协议。,2018、2019 年，博思达向闻泰科技销售额分别为1265.29万元和1.27亿元，占同期总营收的比重分别0.70%和 6.33%。其向Qorvo采购金额分别为16.46亿元、15.23亿元，占当期采购总额的比例分别为85.46%、76.97%。可见，闻泰科技与Qorvo对于博思达都极为重要，倘若其因为并购失去这两大重要客户资源，那么博思达未来的发展恐将受阻。,虽然，上市公司在问询函回复中表示，目前博思达已和上述两方沟通，但后续双方若不能保持良好的合作，或者相关合作减少，届时博思达的业绩将受重创。,双向采购存疑,2019 年博思达向财富之舟销售产品3545.04万元，同时，又向其采购产品4194.19万元，这意味着财富之舟同时扮演了博思达的大客户和供应商两个角色。,对此，太龙照明在问询函中解释称，博思达与财富之舟购销交易主要产品均为存储芯片，但产品型号不同。此前财富之舟提前备货，致库存充足，后续博思达了解到香港倍通供应链股份有限公司（以下简称“倍通供应链”）有财富之舟储备的存储芯片的需求，为拓展新业务，因此其便向财富之舟采购相应产品后，再销售给倍通供应链，销售金额达4198.39万元，占当年收入比例为2.09%,其还补充到，“在半导体分销行业中，各分销商之间代理的品牌、资源、拥有的产品库存存在差异，有时会出现某些分销商库存紧缺，而某些分销商库存富余，此时库存紧缺的分销商往往会向库存富余的分销商进行采购。”,可疑的是，两家公司均在香港有业务，为何倍通供应链不直接向财富之舟采购，反而让博思达在中间倒手赚差价呢？更何况，如此双向交易下，如何保证交易的真实性呢？对此，还需要公司给出合理解释。,（文中提及个股仅为举例分析，非投资建议。）,免责声明：自媒体综合提供的内容均源自自媒体，版权归原作者所有，转载请联系原作者并获许可。文章观点仅代表作者本人，不代表新浪立场。若内容涉及投资建议，仅供参考勿作为投资依据。投资有风险，入市需谨慎。,责任编辑：陈志杰",https://finance.sina.com.cn/stock/s/2020-06-17/doc-iircuyvi9013193.shtml,sinaStock
23,2020-06-17 18:58:00,溢价300%收购公司 双林股份副董吴少伟涉嫌内幕交易被立案调查,"溢价300%收购公司，大澡一洗4.53亿，双林股份副董吴少伟涉嫌内幕交易被立案调查,来源 ：花朵财经,文|花朵财经,6月16日，双林股份报收5.11元/股，上涨0.79%。,盘后，双林股份（300100.SZ）公告，公司副董事长吴少伟因吴少伟涉嫌内幕交易和信息披露违法违规、其实际控制的新火炬科技有限公司（占上市公司总股本比例为1.67%）涉嫌信息披露违法违规，根据《中华人民共和国证券法》的有关规定，中国证监会决定对吴少伟及新火炬立案调查。,据了解，吴少伟因个人原因申请辞去公司第五届董事会副董事长等职务。刘旭东因个人原因申请辞去公司副总经理职务，其原定任期为第五届董事会届满之日止。公司2019年披露财报显示，吴少伟税前薪酬为42.14万元，未持有公司股份。,公告称，吴少伟已于近期向董事会提交了辞职申请，其辞职申请自辞职报告送达董事会之日起生效。公司生产经营不受影响。,‘ 1 ’,热点连连蹭的双林股份,双林股份以汽车配件销售为主营。2019年汽车配件销售实现营收达42.4亿元，占公司主营收入的98.56%。,但今年的双林股份似乎有些不务正业。,此前，双林股份备受市场关注的，是其“特斯拉概念股”以及“口罩概念股”引发监管部门问询。,在特斯拉概念股大火之际，双林股份披露信息，公司机电事业部的座椅水平驱动器/软轴类产品，自2016年起通过零部件供应商佛吉亚（FAURECIA），出口北美，配套特斯拉Tesla Model X，Tesla Model Y车型，年销售额约为2000万人民币，公司正在利用已有的特斯拉配套经验，争取与国产特斯拉合作。,如果说这起码还是在同一行业，双林股份想趁特斯拉概念股火的时候进军新的领域，拓展业务从此搭上国产特斯拉也情有可原。,但在今年2月25日，双林股份表示拟新建口罩生产线，用于生产紧急防护民用口罩和一次性医药口罩等医疗防护用品。似乎就不太能说得过去，毕竟不是所有汽车行业的制造商都是比亚迪。,结合特斯拉的相关信息披露，深交所曾在2月对公司下发关注函，要求公司说明是否存在主动迎合市场热点、炒作公司股价的情形。,今年4月16日，双林股份表示，公司已累计生产及销售各类口罩920万片。目前公司已有7条口罩生产线投入运转，日产能约50-60万片/天；后续公司拟追加投资KN95线1条、成人口罩线5条，累计达到13条口罩生产线规模，日产能达到120万片/天。,但公司随后对炒作股价进行了否认。,今年5月，深交所对双林股份下发问询函，其中，提及此次被立案调查的新火炬。问询函指出，根据公司2019年年报，双林股份商誉账面原值11.63亿元，2018年计提商誉减值准备3.07亿元，本期计提商誉减值准备7.48亿元，其中，对湖北新火炬计提商誉减值准备达4.53亿元。,6月5日，双林股份对此进行回复。公司在《回复说明》中披露的湖北新火炬、上海诚烨、双林投资2016年至2019年经营情况（2019年度经营业绩情况未经审计）、减值测试过程的重要假设、关键参数等，表明2019年4月公司根据一季度的经营情况以及2019年客户需求计划等测算，2018年未对湖北新火炬以及双林投资计提商誉减值准备，具有一定的合理性。,公司在《回复说明》中提到：“未来会顺应汽车发展趋势，围绕公司发展战略，继续聚焦汽车零部件产业发展，加快产品智能化的转型升级；公司会加强全面预算管控，降本降费，完善内部成本管控系统，继续优化资源配置，盘活存量资产，加快产品、资产结构调整，加大新产品的投入力度，不断开拓新的市场空间，努力改善主营业务盈利能力，力争尽快实现经营扭亏。”,‘ 2 ’,溢价300%收购的新火炬，完成业绩后开始连年暴雷,公司2019年年度报告显示，2019年公司归属于上市公司股东的净利润为-947，124，646.6 2元，比上年同期下滑1，432.06%。,2014年8月，双林股份曾发布公告称以发行股份及支付现金的方式购买襄阳新火炬、兴格润共两名股东合计持有的湖北新火炬100%股权，交易价格为8.2亿元，溢价率达300%。,2018年，湖北新火炬业绩已出现下滑，营收同比下滑2%，净利润同比下滑33%。但双林股份在2018年对湖北新火炬未计提商誉减值准备，深交所要求公司结合新火炬2018年毛利率、期间费用等说明营收及净利润变动原因，以及2018年未对湖北新火炬计提商誉减值准备的原因及合理性。,根据公司回复，2014年，双林股份收购湖北新火炬100%股权，湖北新火炬承诺2014年-2016年净利润分别不低于9000万、1.1亿元、1.3亿元，对赌期间，新火炬超额完成业绩承诺。,蹊跷的是，完成业绩承诺后，新火炬的净利润就开始连年下滑。2017年，新火炬净利润达1.88亿元，2018年，新火炬净利润1.26亿元，2019年双林股份对新火炬计提的商誉减值准备达到4.53亿元。,2018年利润就下滑了，但不知出于什么原因公司未计提减值，公司对深交所的问询函回复却答非所问。或者，公司回复问询函的言下之意“2014—2016年超额完成了承诺”，是否就意味着“所以今后咋样你们就别管了”呢？,2018年净利润大幅度减少不计提减值，2019年却一举减值4.53亿，这操作也是有点奇葩，公司这大澡洗得太猛，也不怕洗掉皮。花朵财经注意到，尽管2016年下半年之后，双林股份的股价就一直在走下坡路，4年来走出了一条长长的斜下坡，但2018年四季度—2019年二季度是双林股份这4年来罕见的股价不跌反涨的时期，不知这是不是双林股份2018年“不忍心”计提减值的原因。,而2020年初至今，尽管双林股份使劲浑身解数蹭疫情的热度，但奈何业绩实在不给力，一季度双林股份实现营收7.34亿元，同比下滑35.65%；归属于上市公司股东净利润为1536万元，较上年同期下滑9.23%。所以它的股价表现当然不尽如人意，数月以来跌跌不休。,不知这是否是双林股份干脆趁机在财务上“洗大澡”的原因呢——反正再跌也就这样了？,而昔日的新火炬董事长，昨日的双林股份副董吴少伟，究竟是不是2014年那场交易中的重要既得利益者呢？再以及，他究竟是不是唯一的既得利益者呢？,免责声明：自媒体综合提供的内容均源自自媒体，版权归原作者所有，转载请联系原作者并获许可。文章观点仅代表作者本人，不代表新浪立场。若内容涉及投资建议，仅供参考勿作为投资依据。投资有风险，入市需谨慎。,责任编辑：陈志杰",https://finance.sina.com.cn/stock/s/2020-06-17/doc-iirczymk7541826.shtml,sinaStock
24,2020-06-17 18:55:00,京东暗盘上涨7%：打新中签率10% 顺势拿下港股“吸金王”,"京东暗盘上涨7%，打新中签率10%，顺势拿下港股“吸金王”…刘强东：要在海外再造一个京东,来源：证券时报网,原创 罗曼,继网易之后，京东（9168.HK）将于明日正式登陆港交所，每股定价226港元，募集资金净额约297.71亿港元，超越网易成为今年以来募资规模最大新股。,“吸金王”明日上市，暗盘涨逾7%,今日京东发布的配售结果公告显示，京东此次在港发行1.33亿股，每股定价226港元，每手50股，一手中签率10%，抽40手（2000股）可稳获1手。公开发售阶段京东超购近178倍，国际配售获大幅超额认购。,由于京东美股每一股ADS等于两股A类普通股，即1拆2，按照美股最新收盘价60.98美元计算，港股的价格为236.3港元，最终定价较之折价4.36%。,富途暗盘高开9.7%，截至收盘涨幅7.3%，投资者打新收益每手可赚780港元（剔除手续费），目前总市值7466.34亿港元，成交额7668.2万港元。,公告显示，京东全球发售募集资金净额约297.71亿港元，成为今年以来港交所新股“吸金王”，募资额排名第一。据悉，京东所募资金将用于投资以供应链为基础的关键技术创新，以进一步提升客户体验及提高营运效率，包括零售、物流及客户参与度。,半个月前，刘强东在内部公开信中同样提及京东未来的发展方向，一是成为以供应链为基础的技术与服务业，二是成为一个国际化公司，将物流，供应链和技术能力带到全世界，在海外再造一个京东。赴港上市，聚焦技术，无疑是京东迈向下个阶段的重要标志。截至2019年底，技术服务收入已经占到集团收入的12.3%。,“我相信未来5年，我们的技术服务收入的增长远远高于其他业务收入的增长幅度，成为我们收入和利润增长的重要驱动力”刘强东表示。,刘强东身家132亿美元,根据福布斯富豪排行榜实时数据，刘强东最新身家132亿美元（约人民币924亿元），排名中国富豪榜18位，全球富豪榜121位。,自建物流构筑护城河,招股书显示，2019年，京东净收入5769亿元，Non GAAP（非美国通用会计准则下）净利润107.5亿元。截至2019年12月31日，京东年度活跃用户数达3.62亿。回到京东上市前，数据显示，2013年，京东全年净收入693亿元，Non GAAP净利润2.24亿元，截至2013年12月31日，京东年度活跃用户数4740万。,上市6年时间，京东营业净收入增长8.3倍，Non GAAP净利润增长48倍，用户数增长7.6倍，截至2019年12月31日，京东年度活跃用户数达到3.62亿，线上电商平台拥有超过27万的第三方商家。,而到了2020年Q1，京东活跃用户达到3.87亿，京东物流在全国运营了730多个仓库，包含京东物流管理的云仓面积在内，仓储总面积约为1700万平方米。,“优秀的购物体验，及时而可靠的交付”这是2014年京东登陆纳斯达克时强调的最大核心优势，在此后相当长的一段时间里，京东投入大量资金自建物流体系。,中泰国际分析师于浩樑表示，目前京东物流是全球唯一拥有中小件、大件、冷链、B2B、跨境和达达六大物流网络的企业，京东物流大件和中小件网络已实现大陆行政区县几乎100%覆盖，88%区县可以实现24小时送达。,2020年一季度，在电商平台纷纷受制于物流履约问题时，京东物流的正常运营让京东成为不少消费者的首选。京东零售集团CEO徐雷在一季度财报电话会上就表示，疫情期间京东老用户的回流较为明显，京东新用户的主动访问和主动购物都在提升。,在这一态势下，京东对物流业务的投资仍在继续。而有消息显示，2020年京东物流亦有上市计划。此外，京东物流还与本地即时零售和配送平台达达集团建立战略伙伴关系，为客户提供多种超市杂货及其他生鲜产品的最后一公里按需配送服务。招股书显示，目前京东持有达达集团47.4%的股权比例，为第一大股东；沃尔玛持股比例为10.8%。达达集团将于美国时间6月5日正式登陆纳斯达克，这也意味着京东的资本版图再添重要一员。,有望纳入港股通，获得更多资金认可,今年5月18日，恒生指数公司公告称，同意纳入同股不同权及第二上市公司至恒生指数及恒生中国企业指数选股范畴，恒生指数公司将在今年8月份的季检中对恒生指数及恒生中国企业指数实施变动。,近期，恒生指数公司再次发布声明称，其将取消恒生综合指数和其他相关指数里同股不同权成份股的整体比重10%的上限，这一变动将在2020年8月份指数评估完成时开始实施。,而纳入恒生综合指数是成为港股通标的的关键因素，这就意味着阿里、网易、京东可以获得更多资金认可，从而提升市场估值，流动性。,中泰国际分析师余浩樑表示，由于京东具备强大的物流体系，可将一整条供应链效应发挥最大效率，未来也有可能分拆京东物流上市，有助提高相关估值水平。此外，上市后有机会纳入恒生指数、港股通、其他亚洲指数及内地投资者更加熟悉公司等因素，都将会激发未来股价涨幅。,免责声明：自媒体综合提供的内容均源自自媒体，版权归原作者所有，转载请联系原作者并获许可。文章观点仅代表作者本人，不代表新浪立场。若内容涉及投资建议，仅供参考勿作为投资依据。投资有风险，入市需谨慎。,责任编辑：陈志杰",https://finance.sina.com.cn/stock/s/2020-06-17/doc-iircuyvi9012027.shtml,sinaStock
25,2020-06-17 18:53:00,"重庆钢铁高层大换血股票连涨停 董事长称""宝武""进驻不影响独立性","原标题：重庆钢铁高层大换血股票连涨停 董事长称“宝武”进驻不影响公司独立性,来源：每日经济新闻,3年前，宝武集团持股的四源合投资成功主导了重庆钢铁司法重整。重庆钢铁经过近3年的“涅槃重生”后，“宝武系”如今打算正式走到前台，全面掌控重庆钢铁。,6月16日晚，重庆钢铁公告，公司董事和监事发生较大变化，多人递交辞呈，多名“宝武系”背景人士则被提名为新任董事、监事候选人。当日下午，在重庆长寿举行的重庆钢铁2019年度股东大会上，公司董事长周竹平在接受《每日经济新闻》记者采访时表示：“（通过）三年时间努力，我们将重钢拉入正常的轨道，但还存在包括股东结构分散等历史遗留问题。宝武集团成为公司实控人后，不会影响公司独立性，（公司）反而会有更强大的支撑。”“宝武系”高管进驻董事长：不影响独立性,16日晚，重庆钢铁的一纸公告将宝武系实质入驻重庆钢铁一事更加明朗化。,公告称，周竹平因工作调整将辞去公司董事长、董事及其他董事会职务；李永祥、王力、张朔共将分别辞去公司董事及其他董事会职务；张文学辞去监事会主席及监事职务，陆俊勇、殷栋分别辞去监事职务；上述辞职将在重庆钢铁股东大会选举新任董事、监事后生效。,同时，据公司第一大股东推荐，并经董事会及提名委员会、监事会审议通过，提名张锦刚、刘建荣、邹安、周平为上市公司第八届董事会董事候选人；提名吴小平、王存璘、许旭东为监事会股东代表监事候选人。,《每日经济新闻》记者注意到，张锦刚现为宝武集团副总经理、党委常委；刘建荣于2019年底受聘为重庆钢铁总经理，之前任宝武集团韶关钢铁董事、总裁、党委副书记。此外，邹安、王存璘、许旭东均有宝武集团工作经历。,事实上，市场对“宝武系”实质入驻早有预期。,早在2019年12月28日，重庆钢铁便披露，公司收到实控人四源合投资通知，四源合投资与宝武集团签署了《意向书》，有意向通过收购财产份额的方式成为公司实际控制人，拟议交易期限为意向书签订之日起至2020年6月30日。,此次股东大会现场，周竹平向《每日经济新闻》记者表示，上述时间表并没有特别限定，目前都在正常推进中。,“重钢这三年经历了剧烈重整过程，信誉等方面处于不正常状态，这期间的很多决策都是在紧急状态下出来的，我们成功将公司拉入正常的轨道。”周竹平说，但还是存在一些遗留问题，比如股东结构比较分散。宝武集团成为公司实际控制人后，不会影响公司的独立性，相反重钢会有更强大的支撑。,值得一提的是，6月16日、6月17日两个交易日重庆钢铁股价均收于涨停，再次迈过1.5元/股关口。高管称今年有信心跑赢大盘,重庆钢铁是我国大型钢铁企业和最大的中厚钢板生产商之一。受钢铁行业产能过剩等因素影响，重庆钢铁连续两年亏损，还被*ST，甚至出现资不抵债的境况。,2017年底，由四源合基金、重庆战新基金共同设立的长寿钢铁作为重组方，完成对重庆钢铁的重组后，长寿钢铁成为上市公司最大股东。从披露的财务数据看，重整后的重庆钢铁在经营上有了明显改善。,2017年、2018年及2019年，重庆钢铁分别完成营业收入132.37亿元、226.39亿元和234.78亿元，同比增长199.82%、71.03%和3.7%；实现归属于上市公司股东的净利润3.2亿元、17.88亿元、9.26亿元，同比增长106.83%、458.57%、-48.22%。,不过今年一季度，重庆钢铁的营收和归属于上市公司股东的净利润分别同比下滑了2.44%、97.23%，这也令投资者对其全年业绩生出疑虑。,“一季度整个钢铁行业处于下行周期，又遭遇疫情，实现400万净利润，我们还是比较满意的。”重庆钢铁总经理刘建荣向《每日经济新闻》记者表示，钢材市场近期在逐步向好，二季度的经营形势会有较大好转。,早在2017年底司法重整时，重庆钢铁曾提出“近期止血、中期造血、远期升级”的计划目标。,刘建荣表示，目前重钢仍然处在止血阶段，刚从“ICU”走出来，更要为后续发展奠定基础。,“管理层一直向员工发出强烈的信号，就是市场不相信眼泪，我们能够掌握的就是内部的成本控制能力，今年成立了若干个专项推进工作组，分管副总全体参与。”刘建荣说，1~5月份降本增效达到了3亿元，今年降本增效整体目标是5亿元。,值得注意的是，重庆钢铁在原料采购端也有意提高议价能力。刘建荣表示，宝武集团去年已是世界上事实上最大的钢铁公司，由于现在结构还比较分散，与海外矿山巨头议价能力不强。“近期铁矿石价格又重新突破100美元，这实际上与整个经济走势相违背，希望与宝武集团等组建一个集中采购平台，推动降本，在大宗原燃料市场上能够拥有足够的话语权。”刘建荣说。,另外，重庆钢铁的市场定位是立足川渝、辐射西南，做西南地区的引领者。接下来，在开拓市场上会抓住三大核心产品，与区域内行业合作。,虽然今年国际钢材市场在原料采购端和销售端都还存在不确定，不过重庆钢铁管理层强调，还是有信心跑赢大盘。",https://finance.sina.com.cn/stock/relnews/cn/2020-06-17/doc-iircuyvi9012403.shtml,sinaStock
26,2020-06-17 18:46:00,注册制下的浙股易主潮：浙江国资也开始“抢购”,"原标题：注册制下的浙股易主潮：省外国资“买买买”后 浙江国资也开始“抢购”,来源：每日经济新闻,6月15日，二代不愿接班的德宏股份（603701，SH）公告，上市公司控股权可能发生变更，宁波国资背景的宁波市镇海投资有限公司欲从德宏股份控股股东张元园处买走29.99%股权，若交易顺利实施，上市公司实控人将从个人变更为地方国资。,《每日经济新闻》记者注意到，自2020年以来，浙江国资频频在A股市场扫货，金鹰股份、佐力药业、康恩贝、唐德影视、平治信息等上市公司，先后宣布将易主浙江国资。,而如果拉长时间线，《每日经济新闻》记者依据Wind信息整理了一组2019年1月1日至2020年6月15日已完成实控人变更的浙股清单。数据显示，在这一区间内实控人变更为地方国资的浙股共计10家，其中有7家为浙江省外的地方国资。,地方国资选择这个节点出手的原因在哪里？上市公司实控人为什么想要转让控股权？注册制推行的背景下对壳资源又产生了怎样的影响？,近期，记者采访国资基金投资人、并购投行、会计师事务所、上市公司，梳理这一现象背后的交易逻辑。,易主的浙股,截至6月15日，浙江A股上市公司数量有470余家，是A股市场重要的组成部分。《每日经济新闻》记者梳理了2019年1月-2020年6月15日浙江上市公司完成实控人变更的名单，其中，有十家上市公司易主后实控人从原来的个人变更为地方国资，从国资的归属地来看，3家为浙江国资，7家为浙江省外国资。,值得一提的是，宁波建工此前于2019年4月公告称佛山国资背景的佛山建投欲入主上市公司，然而4个月后，这笔股权转让宣告终止，随即披露宁波市国资委旗下的宁波建投成为上市公司控股股东，如今宁波建工已完成实控人变更程序，宁波建投成功入主。,当时间进入2020年，浙江国资在A股“扫货”的节奏则明显加快，据记者不完全统计，2020年以来，除镇海股份宣布已完成实控人变更为浙江国资外、佐力药业、康恩贝、唐德影视、平治信息、德宏股份等上市公司，也先后宣布将易主浙江国资。,并购精品投行文艺馥欣资本创始人阮超在接受记者采访时表示，浙江上市公司数量多，而且营商环境较好，上市公司潜在风险相对较低，这也是一些浙江省外国资乐意收购浙江上市公司的原因之一。,对于上市公司实控人频频出现控股权转让的情况，阮超认为主要有几方面原因；第一，有部分上市公司实控人质押率高，会通过转让控股权来还债；第二，受注册制影响，部分上市公司实控人基于上市公司壳资源估值变化，更希望在这个阶段转让控股权；第三，部分上市公司发展到一定的阶段，涉及到一二代交接班的问题，如果没有合适的接班人，会考虑把股份转化为更能够传承的财富。,安永浙江交易咨询主管合伙人卢依婷亦表示，这与自2018年来股价下行所带来的股东资金紧张的现状有关，加之金融去杠杆、信用收紧等宏观政策的影响，不少民营企业需要通过地方国资支持以缓解债务压力。,此外，在新冠肺炎疫情肆虐全球的背景下，企业发展面临前所未有的困难和挑战，民营上市公司势必寻求多渠道的发展之路。在此情形下，若能获得国有资本的青睐，不失为化解困局的出路之一。,高禾投资管理合伙人刘盛宇表示，从国资注资的模式来看，2020年浙江国资入主佐力药业、唐德影视、平治信息选择了“协议转让+定向增发”的模式，这一模式的市场热度目前也在逐渐提高。但是通过价格信息的对比可以发现，协议转让的溢价水平普遍高于定向增发，这主要是两者之间的交易逻辑是不一样的。按照现有规则，定增发行大部分是折价发行，尤其是国资入主或者战略投资上市公司的情况，且定增的资金都投向上市公司。而在协议转让过程中，由于参与双方直接交易，且更多参考上市公司行业属性、资产规模等因素的影响，因此交易价格往往是溢价交易，资金都是给到原实控人/大股东。所以，一个很有意思的现象是“协议转让+定向增发”的组合使用，更便于实现各方的交易诉求和成本摊薄的需求。,进击的国资,根据高禾投资研究中心统计，今年以来，国有资本入主的相关案例有37起，涉及相关上市公司总市值高达1680亿元。在这一背景下，浙江国资开启的“买买买”，也颇受关注。,早在2017年，浙江就发布了推进企业上市和并购重组的“凤凰行动”计划，主要目标为到2020年浙江省境内外上市公司要争取达到700家，重点拟上市企业300家，实现数量倍增。,一位不愿具名的浙江国资旗下投资人向《每日经济新闻》记者透露，近两年国资频频出手，一方面有政策因素，国资利用资本市场可以做大做强；另一方面，一些民营上市公司受经济环境影响在经营上出现了困难，叠加注册制的影响，上市公司的壳资源估值更加理性，适合国资入手。,谈及浙江国资2020年频频“扫货”的情况，该投资人认为，相对来说，浙江国资比较谨慎，没有在前两年估值高的点位过多参与，而今年相对来说估值更加合理，会出手更频繁一些。在入主的上市公司标的选择上，浙江国资会更注重产业协同，而不是仅仅收购一个壳资源。,安永浙江交易咨询主管合伙人卢依婷向《每日经济新闻》记者表示，受国有企业混合所有制改革政策影响，以及浙江省“凤凰计划”的推进，浙江省近两年的资本市场运作活跃，省国资委在2018年11月15日就批准设立了浙江省国有资产证券化投资基金，致力于盘活存量资产、优化国有资源配置、服务全省国资国企转型发展。这一系列政策助推了地方国资入主上市公司的“热潮”。,预计在2020年下半年乃至2021年，浙江省内国有资本对民营企业注资仍将大规模进行，对于国有资本来说，可以在这一契机下谨慎筛选项目，并通过自身的资源优势来帮助民营企业发展壮大，为资金链紧张的民营上市公司注入资金，将国有资本与民营资本更加紧密地结合起来，打造国有资本与民营经济双赢的局面。,阮超分析认为，地方国资在收购选择上会有几种考虑，一是地方国资希望拥有上市公司，但是出资能力有限，因此会考虑找一些收购成本较低的，所以会看到一些国资收购小比例股权，然后大比例是通过表决权委托的方式来入主上市公司。另外一种，有实力的国资，看好上市公司的产业，这类国资预算充足，更关注主营业务所在的行业是否符合当地国资所要发展的产业方向。,注册制下壳价值下降,上市公司汉鼎宇佑2019年完成易主，平潭创新股权投资合伙企业成为控股股东，上市公司实控人为平潭国资。6月16日，汉鼎宇佑方面向记者表示，平潭国资选择入主主要基于以下两方面原因，一是平潭产业发展战略与汉鼎宇佑主营业务相契合，平潭创投对上市公司发展前景看好；二是未来可借助上市公司现有业务的渠道优势，为平潭引进丰富的医疗产业等资源。,而平潭国资入主后，汉鼎宇佑表示，公司将充分利用平潭区位、政策优势协同发展，积极争取参与其中的项目建设。在财务上，有助于拓展公司的融资渠道、增加融资能力、降低融资成本。,事实上，在这一波上市公司易主风潮背后，还有供需双方的市场出现了微妙的变化。,阮超认为，随着注册制被确定为资本市场改革的方向，上市公司数量也随之越来越多。另一方面，有能力借壳或者类借壳，但又由于各种原因不走IPO通道的公司相比壳公司反而更稀缺。这种情况下，早几年愿意“控一个壳”然后再出手的财务投资人自然也销声匿迹了。,高禾投资管理合伙人刘盛宇称，注册制改革下，纯粹壳公司很难“卖”得动。一些有经营、有产业的上市公司，通过引入国资成为大股东，原实控人退位二股东，成为混改平台，且还需对上市公司持续经营、保证业绩，不是“一卖了之”，绝非简单的买壳卖壳交易。,对此，阮超也强调，随着注册制改革铺开，上市通道越来越畅通，A股的“壳”价值快速下降。很多上市公司没有研究员和机构投资者关注，日均成交额一两千万甚至只有几百万，再融资也没有发行能力。在这种情况下，“壳”思维一定会让位于产业思维。一旦产业进入到集中度快速提升的存量整合阶段，上市公司之间的并购重组会越来越多。,事实上，资本市场已然不乏“A吃A”的现象，ST罗顿6月4日发布公告称，控股股东罗衡机电拟将所持20%股权转让给永徽隆行和津津乐道，后两者分别受让12.16%和7.84%股权，转让价格同为6.086元/股，较公告前一日收盘价4.36元溢价约40%。转让完成后，A股上市公司浙数文化通过永徽隆行持有ST罗顿12.16%的股份，且将对ST罗顿董事会进行改组，进而拥有对公司的实际控制权。同时，浙数文化将以3.40元/股的价格，认购不超过7125万股定增股份。上述事项完成后，浙数文化合计控制上市公司21.84%的股份。,此外，高禾投资管理合伙人刘盛宇认为，注册制下影响的另一个方向，是一些发展规模比较大的上市公司还会出现分拆上市的需求，在注册制背景下，公司上市可以充分享受资本市场再融资、并购重组的平台红利，如果上市公司不能够利用这些手段，那么这些平台红利也很难享受到。",https://finance.sina.com.cn/stock/relnews/cn/2020-06-17/doc-iircuyvi9014975.shtml,sinaStock
27,2020-06-17 18:44:00,*ST索菱公开打脸证监会：我实际造假比你查出来的还多,"原标题：史上最猛上市公司！公开打脸证监会：我实际造假比你查出来的还多！,深陷财务造假旋涡的*ST索菱（维权）（002766），在经历了被立案调查、高管请辞、被证监会首页点名之后，再次自曝！,公司发布公告称，公司过去三年累计虚增收入11.75亿元、虚增利润10.53亿！比之前证监会的调查结果还多了好几亿！,自曝之后。公司会面临怎样的处罚，已经开始索赔的股民们又将迎来怎样的结果呢？,证监会点名：,造假周期长，涉案金额大,从2018开始，*ST索菱的财务数据就受到多方质疑，并被证监会立案调查。,2020年4月24日，证监会十分罕见地在其官网首页上，点名批评了四家上市公司，其中就包括*ST索菱，而上次受到如此待遇的事件，还是康美药业财务造假案。,证监会评价*ST索菱财务造假案件造假周期长，涉案金额大。经查，索菱股份（002766）2016至2018年连续三年虚构海外业务、伪造回款单据，虚增巨额利润。,在此之前，2020年4月10日，*ST索菱发布公告称，收到中国证监会下发的《行政处罚及市场禁入事先告知书》。,证监会调查结果显示：,2016年度，*ST索菱虚增收入2.71亿元、虚减费用0.08亿元、虚增利润总额2.79亿元，占合并利润表当期披露利润总额344.78%；,2017年度，虚增收入3.38亿元、虚减费用0.12亿元、虚增利润总额3.50亿元，占合并利润表当期披露利润总额208.13%；,2018年度，虚增收入1.96亿元、虚减费用0.24亿元、虚增利润总额2.20亿元，占合并利润表当期披露利润总额63.01%。,公司自曝：,实际造假比证监会调查结果多几亿！,5月29日，深交所下发问询函。6月12日，公司回复了证监会的问询，在回复中，公司曝出了一组新的财务造假数据！,公司自查结果如下：,2016年度，虚增收入4.05亿元、虚增成本2.26亿元、虚减费用0.11亿元、虚增利润总额1.98亿元，占合并利润表当期披露利润总额244.34%。,2017年度，虚增收入3.47亿元、虚增成本2.42亿元、虚减费用0.26亿元、虚增利润总额0.92亿元，占合并利润表当期披露利润总额54.93%。,2018年度，虚增收入4.23亿元、虚增成本1.92亿元、虚减费用0.91亿元、虚增利润总额7.63亿元，占合并利润表当期披露利润总额218.45%。,与证监会调查结果比较，差异如下：,2016年度，虚增收入多1.34亿元、虚增成本多2.26亿元、虚减费用多0.03亿元、虚增利润总额少0.81亿元。,2017年度，虚增收入多0.09亿元、虚增成本2.42亿元、虚减费用少0.38亿元、虚增利润总额少2.58亿元。,2018年度，虚增收入多2.27亿元、虚增成本多1.92亿元、虚减费用多0.67亿元、虚增利润总额多5.43亿元。,也就是说，公司自查后发现，2016年至2018年，公司实际虚增收入比证监会的调查结果多3.7亿，实际虚增利润总额多2.04亿！,产生差异的原因，公司方面解释称：,收入差异是公司通过检查虚假收入流水、客户对账单、结合会计师发函回函金额确认的虚假收入金额比告知书多；,成本差异公司通过对期末存货盘点、核对2016年2017年2018年度真实销售出库单、核对原材料采购入库与生产BOM表生产领料单核对，确认了虚假成本，告知书中无成本调整事项；,费用差异公司通过核对体外支付费用及合同发票确认的未入账费用金额比告知书多，包括对2017年2018年非金融机构错款依据诉讼判决书补计借款利息费用。,责任编辑：逯文云",https://finance.sina.com.cn/stock/s/2020-06-17/doc-iirczymk7546162.shtml,sinaStock
28,2020-06-17 18:43:00,王振华猥亵女童获刑5年：公司股价闻讯异动 身价同比竟飙涨7成,"今日，据上海市普陀区法院微信公众号消息，新城控股原董事长王振华猥亵儿童案一审宣判，被告人王振华获刑5年。消息公布后，新城控股股价尾盘出现异动，截至收盘上涨1.99%，总市值为727亿元。,2020年6月16日，上海市普陀区人民法院依法不公开开庭审理被告人王振华、周燕芬猥亵儿童案。,据悉，此案件因涉及保护未成年人审理，未公开审理。庭审中，控辩双方分别出示了相关证据，对证据进行了质证，并充分发表了辩论意见。被告人王振华、周燕芬当庭作了最后陈述。庭审分两天进行，整个庭审过程历时16小时。法院根据两名被告人的犯罪事实、性质、情节及社会危害程度等，经合议庭评议，于6月17日当庭对被告人王振华、周燕芬作出判决，以猥亵儿童罪分别判处被告人王振华有期徒刑五年，被告人周燕芬有期徒刑四年。,庭审结束后，该案审判长关于该案为何定罪为猥亵儿童罪、又为何如此量刑等大众聚焦问题作出如下回应：,定罪：因不存在性器官接触，定为猥亵儿童罪,根据刑法及相关司法解释的规定，是否有性器官的接触是区分强奸罪（包括奸淫幼女）与猥亵儿童罪的关键。,本案中，被害人的陈述、司法鉴定意见以及被告人的供述均证明了被告人王振华对被害人实施了猥亵行为，但与被害人不存在性器官的接触。相关司法鉴定意见佐证了该事实。故王振华的行为系猥亵行为而非强奸行为。,根据公诉机关的指控，被告人王振华、周燕芬经过事先预谋，由周燕芬制造条件，王振华对被害人实施了猥亵行为，相关事实有被害人陈述、鉴定意见、证人证言和监控视频等证据予以证实，证据能够形成完整的证据锁链。被告人王振华、周燕芬的行为符合法律规定的猥亵儿童罪的全部犯罪构成要件，所以，二人构成猥亵儿童罪的共同犯罪。,量刑：从重判处有期徒刑五年,根据刑法及相关司法解释的规定，以暴力、胁迫或者其他方法强制猥亵他人的，处五年以下有期徒刑或者拘役，聚众或者在公共场所当众犯前款罪的，或者有其他恶劣情节的，处五年以上有期徒刑；猥亵儿童的，依法应当从重处罚。对不满12周岁的被害人实施奸淫、猥亵等性侵害行为，属于从重、从严惩处的对象。,经法院查明，被告人王振华的行为已构成猥亵儿童罪，但其不属于在公共场所当众实施犯罪，也不具有其他恶劣情节。被告人王振华对不满12周岁的被害人实施猥亵行为并造成被害人轻伤二级的严重后果，依法应从重处罚；被告人王振华到案后及庭审中拒不供认其猥亵的犯罪事实，可酌情从重处罚。综合考量本案对被害人身心造成的伤害和影响及社会危害程度，在公诉机关建议的四年以上五年以下有期徒刑量刑幅度内，依法对被告人王振华从重判处有期徒刑五年。,被告人周燕芬虽未直接实施猥亵犯罪行为，但其系犯意的提起者，在整个犯罪过程中起到了牵线搭桥、承上启下的不可替代的重要作用。综合周燕芬在共同犯罪中的作用等，对其判处有期徒刑四年。,消息公布后，新城控股股价尾盘出现拉升，一度上涨3.73%，截至收盘，新城控股股价报收32.23元/股，上涨1.99%，总市值为727亿元。港股新城发展盘中一度大涨逾9%，截至收盘涨超5%，总市值达453亿港元；新城系新城悦服务盘中一度大涨逾8%，截至收盘上涨近4%，总市值达168亿港元。,2019年7月3日，有媒体曝出新城控股董事长王振华因猥亵女童被抓，随后上海公安确认。因消息曝出时A股已经收盘，新城控股股价未受影响，但新城系港股上市公司新城发展控股和新城悦暴跌超20%。新城控股深夜公告，董事长王振华被刑拘，其子王晓松接任董事长。,随后，新城系遭遇股债双杀，新城控股自7月4日起连续3日跌停，打开跌停后股价继续下跌，最低下探至22.99元/股，较7月3日收盘时963亿元的总市值蒸发超400亿。,之后，新城控股与王振华进行了一系列“切割”，先是公司官网删除其照片和新闻。随后新城控股官微发布了公开致歉信，信中连用5个不安表示道歉。7月8日，王振华辞去新城控股所有职务。7月12日，上海市普陀区检察院依法以涉嫌猥亵儿童罪对王振华等二人批准逮捕。,在半年度经营工作会议上，年仅32岁的集团新任董事长王晓松首次亮相。事实上，王晓松大学毕业就进入新城控股，25岁就成为了A股最年轻的总裁。王晓松上任董事长之后， 新城控股开启了一轮“甩卖”模式，最终转让了24个项目公司的全部或部分股权以缓解资金流动性压力。同时，新城控股在土地市场几乎停止拿地动作，直到2019年11月才开始陆陆续续获取了一部分项目。,2019年，新城控股实现营业收入858.47亿元，同比增长58.58%；归母净利润126.54亿元，同比增长20.61%；合同销售金额2708亿元、22.5%的同比增速，完成了全年2700亿元的销售目标，继续保持着行业第八的位置。年报显示，截至报告期末，公司总资产达4621.10亿元，同比增长39.90%。,2020年第一季度，新城控股实现营收70.91亿元，同比增长63.76%；归属于上市公司股东的净利润2.73亿元，同比增长31.96%。,不过，受疫情影响，今年不少房企的销售业绩同比出现下降，1-4月，新城控股累计实现合同销售金额约490.44亿元，比上年同期下降27.99%；累计销售面积约450.22万平方米，比上年同期下降24.06%。同时，新城控股罕见地定下了“负增长”目标，在2020年，新城控股制定销售目标2500亿元，这一目标较2019年实际销售额下跌约7%，下调200亿元。王晓松表示，这是基于4000亿可售货值、去化率60%设定的。,今年5月19日，王晓松接任新城控股董事长将满一年，新城控股召开了年度股东大会。王晓松复盘新城的发展经历，他表示，成立27年的新城，第一个15年靠住宅增加销售和利润，第二个15年靠住宅和商业双轮驱动，未来的15年利润则来自于商业管理。,据悉，新城内部对王晓松的评价不错，内部人士表示“他顶住了巨大的压力，带领新城走出危机，活下去且活得更好”。截止今日，新城控股报32.23元/股，与王振华涉案前39.81元/股相差并不多。,企查查显示，王振华共涉及44家公司，自2019年6月29日起共退出22家公司，其中包含新城控股集团股份有限公司、富域发展集团有限公司、上海锦名投资管理有限公司、上海橙贝信息技术有限公司、上海星轶影院管理有限公司等。,事实上，尽管王振华已经被逮捕近一年，但仍是新城控股的实际控制人，控制新城控股67.17%的股份。香港联交所披露，2020年4月以来，王振华先后四次增持新城发展股份，目前持股68.02%，另通过家族信托持有新城悦73.17%的股份。,在今年3月发布的《2020胡润全球房地产富豪榜》中，王振华和其子王晓松在胡润全球房地产富豪榜中位列第33名，相比去年上升34名；身价430亿元，相比去年财富增长74%。,而根据最新的福布斯实时富豪榜，王振华以59亿美元的身家位列第341位。,责任编辑：逯文云",https://finance.sina.com.cn/stock/s/2020-06-17/doc-iirczymk7548218.shtml,sinaStock
29,2020-06-17 18:43:00,英科转债暴涨700%：正股年内也翻7倍 为何涨势强劲？,"原标题：暴涨700%！最“贵”可转债牛气冲天，正股年内也翻7倍，为何涨势强劲？最大风险是这个…,刷新投资者认知！,6月17日，英科转债（123029.SZ）盘中价格再次走高，一度上探至788.987元，刷新内地证券市场可转债价格最高纪录！,值得注意的是，如果将A股和可转债价格放在一起比较，英科转债上述价格已仅次于贵州茅台，高于其他所有A股。,另外，由于可转债品种相对股票更为复杂，交易制度也存在一些差别，投资者如果在不深入了解的情况下就盲目参与炒作，也可能会给自己带来巨大风险。,01,见证历史！有可转债价格已逼近800元,逼近800元！这不是股票，而是可转债。,6月17日，近期一直强势的可转债——英科转债继续大涨，盘中一度达788.987元，截至收盘，价格有所回落，但仍刷新了目前可转债价格的最高纪录。,英科转债于2019年9月10日上市，面值为100元，上市首日收盘价为116.90元。至2019年末表现平平，收报117元，仅比上市首日收盘价高1毛钱。,该可转债的惊人涨幅主要是在2020年完成，按照6月17日的盘中最高价来算，已较面值翻了近8倍。,一般而言，可转债由于自身特性，与其正股有较强的联动效应。英科转债所对应的上市公司为英科医疗（300677.SZ），该股票2020年以来也涨势惊人，从年初最低不到17元，到如今最高达120.50元，足足翻了7倍有余。也正因为如此，目前，英科转债较正股的溢价率仅为0.1%。,英科医疗股价和可转债的大涨可能和今年的新冠疫情有关。,根据英科医疗近日的公告，公司主营业务涵盖医疗防护、康复护理、保健理疗、检查耗材四大板块。主要产品包括一次性手套、轮椅、冷热敷、电极片等多种类型的产品，其中以一次性手套为主的医疗防护类产品2019年销售占比84.95%，公司主要产品以出口为主，2019年出口占比94.55%。,公司表示，今年新冠状病毒疫情的暴发和在世界范围内的蔓延发酵，使得全球对一次性防护手套等医疗防护用品需求大幅增加，供需关系的失衡，推高了一次性防护手套产品的售价，对公司的经营业绩产生了积极影响。不过公司也提示，因本次新冠状病毒疫情的持续时间仍具有不确定性，公司接受订单所形成的销售收入及未来可能实现的增量业务规模目前暂难以预计，请广大投资者注意投资风险。,英科医疗今年一季度的财务报告显示，当期公司实现营收7.73亿元，同比增长56.46%，实现归母净利润1.29亿元，同比增长281.72%。,02,可转债爆炒一再刷新投资者认知 其中风险也不容忽视,最近两年，可转债市场逐渐趋向火热，频频诞生一些高价可转债。,如果将A股个股和可转债个券价格放在一起比较，英科转债近800元的价格，已仅次于贵州茅台，高于其他所有A股。,数据显示，当前A股中股价最高的是贵州茅台，为1405元，其次为卓胜微，为718元。总的来看，已有21只A股价格超过200元。,而经历火爆行情后，目前高价可转债也不少，目前正常交易的可转债中，已有13只价格超过200元。,近年可转债市场的火爆背后，一个重要因素是其相对灵活的交易制度，可以T+0，且对价格的限制相对较少，使得部分投资者将其视为一个很好的炒作品种，甚至不排除有投资者将其当权证一样进行爆炒。,不过，在爆炒的背后，可转债的部分规则往往容易让人忽视，可能给一些盲目参与的投资者带来风险。,比如此前爆炒过后的多只可转债遭遇的强制赎回风险。这里最为典型的案例是泰晶转债。,资料显示，泰晶转债也是年内非常火爆的一只可转债，经过连续大涨后3月份价格一度高达420元。,但2020年5月6日晚间，泰晶科技公告表示，泰晶科技股票2020年3月30日至2020年5月6日期间，连续三十个交易日中至少有十五个交易日收盘价格不低于“泰晶转债”当期转股价格的130%（即23.27元/股），已触发“泰晶转债”的赎回条款。公司于2020年5月6日分别召开第三届董事会第十七次会议和第三届监事会第十一次会议审议通过了《关于提前赎回“泰晶转债”的议案》，同意公司此次对已发行的“泰晶转债”行使提前赎回权，提前赎回全部“赎回登记日”登记在册的“泰晶转债”。,这意味着，按照当日泰晶转债的收盘价，不论是持有到期等待赎回，还是选择转股，都将面临巨幅亏损。,果不其然，5月7日，泰晶转债价格就开始暴跌，当日全天仅交易3分钟，暴跌47.68%。此后，泰晶转债进一步连续暴跌，一度跌至仅120元出头。未来得及卖出的投资者损失惨重。,为防范可转换公司债券交易风险，保护投资者合法权益，深交所今年5月22日发布《关于对可转换公司债券实施盘中临时停牌有关事项的通知》，自2020年6月8日起施行。,通知明确，可转换公司债券竞价交易出现下列情形的，深交所可以对其实施盘中临时停牌措施：（一）盘中成交价较前收盘价首次上涨或下跌达到或超过20%的；（二）盘中成交价较前收盘价首次上涨或下跌达到或超过30%的。,责任编辑：逯文云",https://finance.sina.com.cn/stock/s/2020-06-17/doc-iirczymk7547766.shtml,sinaStock
30,2020-06-17 18:40:00,宁波高发关于公司董事辞职的公告,"证券代码： 603788        证券简称：宁波高发        公告编号：2020-027,宁波高发汽车控制系统股份有限公司,关于公司董事辞职的公告,本公司及董事会全体成员保证公告内容不存在虚假记载、误导性陈述或   者重大遗漏，并对其内容的真实、准确和完整承担个别及连带责任。,宁波高发汽车控制系统股份有限公司（以下简称“公司”）董事会于 2020 年6 月 17 日收到公司董事唐逢辰先生提交的书面辞职报告。因个人工作调整原因，唐逢辰先生申请辞去公司董事职务，辞职后不再担任公司任何职务。,根据《公司法》及《公司章程》等相关规定，唐逢辰先生的辞职未导致公司董事会成员低于法定人数，其辞职不会影响公司董事会工作的正常运行。唐逢辰先生的书面辞职报告自送达董事会时生效。公司将根据股东提名情况完成董事的补选及披露事宜。,唐逢辰先生任职期间，恪尽职守、勤勉尽责，公司董事会对唐逢辰先生在任职期间为公司发展所作出的贡献表示衷心的感谢！,特此公告。,宁波高发汽车控制系统股份有限公司董事会,二零二零年六月十八日,责任编辑：小浪快报",https://finance.sina.com.cn/stock/ggzz/2020-06-17/doc-iirczymk7538845.shtml,sinaStock
31,2020-06-17 18:32:00,猥亵儿童罪王振华被判5年 股价尾盘异动,"猥亵儿童罪，王振华被判5年，股价尾盘异动！机构一致看好这些白马股，最高空间近76%,来源：数据宝,原创 陈见南,下半年金融、周期股能否崛起？,原董事长被判刑5年 新城控股尾盘异动,时隔11个月，新城控股原董事长、实际控制人王振华涉嫌猥亵儿童案在上海市普陀区人民法院一审开庭，依法不公开审理。庭审分两天进行，整个庭审过程历时16小时。,据上海市普陀区人民法院官方微信消息，法院根据两名被告人的犯罪事实、性质、情节及社会危害程度等，经合议庭评议，于6月17日当庭对被告人王振华、周燕芬作出判决，以猥亵儿童罪分别判处被告人王振华有期徒刑五年，被告人周燕芬有期徒刑四年。,在上述消息影响下，新城系股票尾盘集体异动。A股市场新城控股收盘上涨近2%，港股新城发展大涨超5%，新城悦服务涨超3%。,分析人士表示，新城系股价大幅上涨，固然有消息落地的刺激作用，但同时优质地产股估值处于历史性底部，未来有望估值修复。,中泰证券指出，5月房地产行业各项指标继续回暖，均维持了良好的修复态势。当前，房地产板块估值处历史底部，回溯历史，估值底部对应基本面与政策的底部，现阶段行业基本面正持续修复，政策与货币环境均稳中有松，估值下行空间已较为有限，上行修复概率更高，建议积极把握当前板块估值修复期的投资机会。建议关注行业龙头：万科A、保利地产、融创中国；优质一线：旭辉控股集团、华夏幸福、新城控股。,A股市场剧烈分化，周期板块跌幅居前,新城控股所处的地产行业，今年累计跌幅超过10%，周期板块跌幅垄断行业跌幅榜前四，采掘、非银金融、银行等行业年内跌幅也超过10%。大消费板块及科技类板块则出现大幅上涨，医药生物指数大涨近36%居首，食品饮料、休闲服务、计算机等8个指数涨超10%。,板块间的分化同样剧烈，上证指数今年以来微跌近4%，深证成指、中小板指、创业板指等三大指数则大幅上涨，创业板指涨幅超过25%居首。上证指数全年波动也较大，年初曾涨至3127点，2月初跌到2700点下方。到了6月份，上证指数则基本维持在2900点至3000点区间波动。,个股的分化更是有过之而无不及。涨幅最高的英科医疗，年内股价飙升超过6倍（剔除次新股后），跌幅最大的是*ST博信，累计跌近84%。,逾千股跌超10%，38股惨遭腰斩,从整体来看，深证成指、中小板指、创业板指等三大指数出现大幅上涨的情况，但下跌个股数量依然超过上涨个股数量，跌超10%个股数也超过涨幅10%以上个股。证券时报·数据宝统计显示，剔除次新股后，今年合计有1950多只个股下跌，38只股票股价腰斩；上涨个股1600多只，88只股票股价翻倍。,具体到个股看，*ST博信今年股价暴跌近84%居首，天茂退、神雾环保（维权）、退市锐电等个股股价惨遭腰斩，*ST大晟、*ST金贵（维权）、天夏智慧（维权）等逾千股跌超10%。英科医疗今年涨幅最大，超过6倍。未名医药、奥翔药业、省广集团等80多只个股翻倍，秀强股份（维权）、兴齐眼药、欧普康视等逾千股涨超10%。,有分析人士认为，在指数上涨的情况下，依然出现了大批个股下跌，这一现象说明普涨正越来越远离A股市场。以今年涨幅超过25%的创业板市场为例，仍有占比近45%的创业板个股股价下跌。,股价回调且机构扎堆推荐的白马股名单,表现较好的个股主要集中在大消费、科技板块，跌幅较大的则多为一些问题股。另外，金融、周期股表现也相对压抑。展望下半年，这类资产能否强势崛起，且拭目以待。,国海证券认为，市场在短期依然会挖掘内需逻辑，但是整个大消费板块接近估值上行的尾声。经济仍处于底部区域，很可能会进一步回升，金融和周期板块有较好盈亏比。国海证券认为6月份指数将震荡上行，看好金融和周期板块，传媒，新能源、二线消费。,数据宝统计显示，今年股价跌幅超过10%且去年净利同比增长（一季度较为特殊，不作为业绩筛选条件）的个股中，73只个股最新A股市值超过百亿元且评级机构数在10家以上。这类个股多为传统白马大蓝筹。比如金融白马，工商银行、中国平安等；地产白马万科A、招商蛇口等；化工类恒力石化、浙江龙盛等；能源类陕西煤业、中海油服等等。,从上涨空间来看，24家机构评级的温氏股份一致目标价超37元，较现价有近76%上涨空间。另外， 蓝光发展、大悦城、华夏幸福等个股上涨空间均超过50%。,声明：数据宝所有资讯内容不构成投资建议，股市有风险，投资需谨慎。,免责声明：自媒体综合提供的内容均源自自媒体，版权归原作者所有，转载请联系原作者并获许可。文章观点仅代表作者本人，不代表新浪立场。若内容涉及投资建议，仅供参考勿作为投资依据。投资有风险，入市需谨慎。,责任编辑：陈志杰",https://finance.sina.com.cn/stock/s/2020-06-17/doc-iircuyvi9008114.shtml,sinaStock
32,2020-06-17 18:27:00,腾讯收购爱奇艺？双方有接触但未落定 意在防御字节跳动,"腾讯收购爱奇艺？双方有接触但未落定，意在防御字节跳动,为了抢占更多的生长空间，短视频在让自己变得更长，长视频可能会做加法，垄断内容源,图/视觉中国,文 |《财经》记者 刘以秦   编辑 | 谢丽容,近日，有消息称腾讯计划收购百度旗下的视频网站爱奇艺。受此消息影响，美国东部时间6月16日爱奇艺股价上涨25.85%，市值接近177亿美元；爱奇艺控股股东百度股价当天也上涨5.1%；但北京时间6月17日，在港股市场腾讯控股的股价盘中略有起伏，收涨0.4%。截止目前，上述三家美股和港股上市公司均未对此传闻正式发布确认或澄清公告。,多位接近百度和腾讯的人士告诉《财经》记者，双方有接触，但这笔收购案还远未到落定的时候，因此没有任何一方出面予以确认或否认。“如果确定收购，是一个非常复杂的过程，需要很长时间来确定各种细节。”其中一位接近百度的人士说。,6月17日，腾讯和爱奇艺给《财经》记者的回复均为“不予置评”。6月17日，在百度App上实名认证为百度公关总监的郭锋发布消息称，“别乱猜了。爱奇艺是百度内容生态战略的重要组成部分，百度会一如既往地支持爱奇艺生态发展。”,爱奇艺2010年上线，2018年3月在美股IPO，百度一直是爱奇艺控股股东，百度创始人李彦宏是爱奇艺的董事会主席。目前，百度拥有爱奇艺56%的股权和92.7%的投票权，第二大股东是小米，持股6.7%，拥有1.1%的投票权；百度和小米外，高瓴资本持股6.3%，拥有1.1%的投票权，爱奇艺创始人、CEO龚宇持股1.9%。此外，机构股东还包括施罗德投资管理有限公司、摩根士丹利、黑石集团、德意志银行等，持股均为1%左右。,6月17日有消息称，推动腾讯与百度磋商入股爱奇艺的幕后力量可能来自有关股东。此前曾投资腾讯、京东的高瓴资本是否是积极推动者之一？截至发稿，高瓴资本方面没有正面确认信息发出。从公开信息披露可知，2019年前三季度，高瓴资本一直在增持爱奇艺股份，2019年第四季度有所减持，目前仍然为爱奇艺第三大股东。,爱奇艺一直独立运营，技术、财务、法务、人力等系统都独立于百度，双方在AI技术、云服务、智能设备、数据、流量等方面有战略合作关系。视频网站行业由腾讯视频、爱奇艺和优酷土豆主导，竞争激烈。爱奇艺财报显示，今年一季度，营收76.5亿元，净亏损29亿元。,2019年年报显示，爱奇艺资产负债率达到78.3%，经营活动产生的现金流量净额为39.06亿元，投资活动产生的现金流量净额为-177.50亿元（版权成本归在此类），净亏损103.25亿元。,一位百度人士提到，爱奇艺与百度的业务之间的协同性有待提高，“就算能产生协同，一年亏100亿也是负担。”他透露，双方很早就在接触了，并不是最近的事。,视频网站亏损是因为版权购买费用太高，各方都在争抢版权，自制内容投入也很高昂，一位视频行业人士称，“如果收购成功，竞争压力减少，这个行业可能会变成一个能赚钱的行业。”,有行业资深人士向《财经》记者评价，若成功收购爱奇艺，对于腾讯应当会有一些重要意义。对于腾讯来说，这可能是一次反击字节跳动的机会。字击跳动旗下的抖音等短视频平台的从2019年全面崛起，用户的注意力被转移，给腾讯的视频业务带来很大压力。,视频行业分为长、中、短视频，爱奇艺这样的视频网站主打长视频，中视频的代表是B站，短视频则是抖音和快手的阵地。腾讯有腾讯视频，又投资了B站，目前持有B站13.3%的股份，是仅次于B站董事长兼CEO陈睿的第二大股东，在短视频领域，腾讯旗下的腾讯微视有些艰难。2019年底，腾讯COO任宇昕提出，希望2020年微视的DAU（日活跃用户）可以突破5000万，2018年时，腾讯副总裁林松涛为微视制定的2019年目标是4000万DAU。,今年年初，抖音公布的DAU是4亿，远超腾讯微视。“现在看来，微视还无法抗衡抖音，但微视的几千万活跃用户，很有可能是从抖音流失的，这让抖音很紧张。”一位接近抖音的人士告诉《财经》记者。,他分析，计划收购爱奇艺是腾讯趁字节跳动在发展海外市场时的一次主动出击，“虽然长短视频的阵地不一样，但都是内容产业，长视频的内容更丰富，可以给中短视频输出素材，现在抖音的内容趋于同质化，需要找到更多内容来补充，如果腾讯联合爱奇艺，封锁内容，对抖音影响很大。”,为了更好地应对竞争，短视频平台也在让自己逐步变长，2019年8月，抖音宣布将逐步开放15分钟的视频发布功能，最早抖音限制的视频时长是15秒，拥有10万以上粉丝，才可以发布1分钟的视频。,开放视频时长，业内认为这是抖音在正面竞争长视频平台。但竞争已经不局限于长、短视频，归根结底是用户注意力的争夺。,除视频外，直播也是一个重要阵地。去年底，企鹅电竞、虎牙直播、斗鱼直播三方开始谈判，讨论合并事宜。今年4月，腾讯2.626亿美元投资虎牙，占股36.9%，为虎牙第一大股东，腾讯也是斗鱼直播的第一大股东，持股38%。,一位腾讯人士向《财经》记者证实，企鹅电竞计划与斗鱼、虎牙合并。一位行业人士则透露，目前合并方式还未完全确定，虎牙和企鹅电竞对管理权问题还在博弈。,快手和字节跳动都已经在直播上发力，快手研究院数据显示，截至2019年12月底，快手游戏直播日活已经达到了5100万，超过虎牙和斗鱼。字节跳动则是收购游戏公司，推出“绿洲计划”，进军游戏行业。,腾讯也是快手的股东，连续四轮投资快手，腾讯财报中称对一家视频共享平台持股19%，并未说明是具体哪家公司，业内推测是指快手。,视频、直播、游戏、社交、电商、资讯．．．．．．这些应用都在抢夺用户注意力，用户的手机使用时长是相对固定的，谁能多分走一些，就意味着有更高的变现能力。,“即使不收购，爱奇艺和腾讯可能会达成内容合作，也能减少行业内的竞争。”一位业内人士说道，“看起来，优酷会是第一个受到冲击的，但腾讯最后的目标还是防御来自字节跳动的竞争。”,通过合并的方式来减少竞争成本，稳固市场地位，是过去几年互联网行业的常态，随着资本市场恢复理性，一些公司很难拿到新的资金继续投入竞争，合并趋势还将继续。,责任编辑：陈志杰",https://finance.sina.com.cn/stock/s/2020-06-17/doc-iircuyvi9007348.shtml,sinaStock
33,2020-06-17 18:23:00,四川信托“爆雷”：杭锅股份4000万本息未兑付 深交所紧急关注,"四川信托“爆雷”，杭锅股份4000万本息未兑付，深交所紧急关注,来源： 览富财经网,原创 风前絮,四川信托“爆雷”，杭锅股份4000万本息未兑付，深交所紧急关注,6月16日，杭州锅炉集团股份有限公司（股票简称：杭锅股份，股票代码：002534）发布关于购买的信托产品发生逾期兑付的公告称，2019年4月19日的公司2018年度股东大会审议同意公司使用额度不超过20亿元的闲置自有资金投资理财产品，在此额度内资金可滚动使用，公司董事会授权公司管理层和控股子公司管理层具体实施。,2019年12月4日，公司购买了由四川信托管理发行的“天府聚鑫3号集合资金信托计划”之信托产品，金额为伍仟万元，期限为6个月，预期年化收益率为 7.6%。2020年6月11日，四川信托兑付了公司购买的“天府聚鑫3号集合资金信托计划”之信托产品20%即1000万元的本息10381，041.10元，剩余4000万元本息未能如期兑付。,深交所紧急发出关注函,紧随其后，深交所中小板便紧急发出关注函，要求说明购买信托产品前，公司是否按照公司制订的《理财产品业务管理制度》等，对购买的信托产品进行风险控制，公司相关责任部门及责任人是否尽到合理的调查、审查义务，以及在媒体报道受托人部分产品出现逾期的情况仍进行投资的原因及合理性等。,根据公告显示，信托合同约定信托资金投资于银行存款、逆回购、货币市场基金、债券基金、交易所及银行间市场债券以及低风险的固定收益类产品等。从信托资金投资范围看，此类产品逾期风险较小。,对此，深交所中小板要求杭锅股份请结合信托资金的实际投向，说明出现逾期的主要原因及合理性，以及信托资金最终是否流向公司控股股东、实际控制人及其关联方，以及是否存在前述主体变相占用公司资金的情形。,另外还要求公司结合信托合同的约定，说明是否出现受托人违规挪用或未按信托合同的约定管理信托资金等违约行为，如是，请说明受托人 所应承担的具体责任，以及公司拟采取的相关措施，并结合受托人的经营情况及财务状况，说明措施的有效性。,四川信托的雷被引爆,四川信托成立于2010年，注册资本35亿元，现有10位股东，四川宏达（集团）有限公司持股比例达到32.04%，高居第一大股东之位，刘沧龙为最终实控人；持股比例超过5%的重要股东包括，中海信托股份有限公司（30.25%）、宏达股份（22.16%）和四川濠吉食品集团有限公司（5.04%）。,今年5月四川信托发了一份声明，称有别有用心者捏造并散播关于“四川信托即将被接管，资金池业务全部停止”等不实信息，严重诋毁公司声誉。,6月11日，四川信托多个产品包括申鑫74号、百福36号、申富129号的不见兑付，并且内部已经出了延期公告，无限期延期。,随后，不少投资者聚集在四川信托总部——川信大厦37楼讨要说法。当时负责接待的四川信托监事会主席孔维文称，四川信托资金池业务目前遇到流动性问题，在考虑处置资产和引进战略投资者。,然而，四川信托的大雷，最终被杭锅股份的关于购买的信托产品发生逾期兑付的公告给证实了。,4000万信托可能影响公司业绩,据览富财经网了解，杭锅股份主要从事余热锅炉、电站锅炉、电站辅机、工业锅炉等产品咨询、研发、生产、销售、安装及工程总承包业务，为客户提供节能环保发电设备以及余热利用整体解决方案。,从2020年第一季度报告来看，杭锅股份报告期内实现营收9.25亿元，同比增长9.84%；归属于上市公司股东的净利润6486.69万元，同比下滑27.35%。,截至到2020年5月31日，公司净资产31.21亿元，货币资金为13.66亿元，此次逾期兑付的投资资金占货币资金的比例为3.66%。而对于4000万信托产品逾期，杭锅股份表示，可能影响公司2020年财务业绩，但不影响公司正常经营活动的现金周转。,首次影响，杭锅股份股价已连续3个交易日下跌。截至6月17日收盘，公司每股价为7.75元，公司总市值为57.29亿。,免责声明：自媒体综合提供的内容均源自自媒体，版权归原作者所有，转载请联系原作者并获许可。文章观点仅代表作者本人，不代表新浪立场。若内容涉及投资建议，仅供参考勿作为投资依据。投资有风险，入市需谨慎。,责任编辑：陈志杰",https://finance.sina.com.cn/stock/s/2020-06-17/doc-iircuyvi9006588.shtml,sinaStock
34,2020-06-17 18:21:00,350亿大数据投资落户上海背后 发改委旗下机构隐身其中,"今日早间，北京国信中数投资管理有限公司（以下简称“国信中数”）与民营钢企沙钢集团发起数据中心产业投资基金项目，将落地上海闵行区虹桥基金小镇的消息引发市场关注。,据新浪财经报道，本次设立的投资平台共涉及投入的资本金数量为350亿元。其中，国信中数与沙钢集团将共同设立的上海沙钢国信大数据母基金（一期）50亿元，沙钢集团将设立的平台公司上海锦寰基金投资管理公司300亿元。,值得注意的是本次牵头的公司国信中数，该公司系国家信息中心旗下投资管理平台，而国家信息中心则隶属于国家发改委，是国家大数据战略实施和数字中国建设的核心枢纽单位，日常开展信息化战略规划、顶层设计与制造业等产业的决策咨询；开展大数据决策支持服务，研究大数据发展战略与总体规划。,图1：国信中数股权结构,据了解，目前国家信息中心承担着国家促进大数据发展部际联席会议办公室秘书处、国家公共数据统一开放平台、中国“一带一路”官网运行中心、国家信用信息共享平台、国家发展和改革委员会大数据中心等多个国家级平台建设运营工作。,“全国数据中心的能耗指标和用地审批都需要经过发改委，具备国家信息中心背景的国信中数，很可能将会拥有较大的先天数据资源优势。”有市场分析人士告诉新浪财经。,新浪财经获取了一份上述国信中数与沙钢集团拟共同设立的上海沙钢国信大数据母基金（一期）在今年4月份的资金募集说明书。,募集说明书显示，该基金的募资规模为50亿，国信中数为基金管理人，国信中数、沙钢集团及管理团队共同设立上海国信沙钢股权投资合伙企业（有限合伙）为基金GP，募集对象为大型金融集团、上市公司、政府产业基金、FOF及其他金融机构。,图2：上海国信沙钢一期投资基金结构,从公司设立该基金的投向来看，主要为IDC（数据中心）产业和IDC产业上下游企业。据前瞻网数据显示，2019年，全球IDC市场规模为6903亿，中国为1560.8亿。,不过，近几年中国IDC市场规模每年的增长速度均快于全球的增长速度，中国的市场规模占全球比重也在持续提升。2017年-2019年，中国IDC市场规模增长率分别为32.41%，29.80%和27.10%；同期，全球IDC市场规模增长率仅为20.90%，23.62%和10.39%。,需求增长的同时，国内一线城市IDC的供给却出现了较大的缺口。,工信部发布的《全国数据中心应用发展指引（2018）》对全国主要城市和地区IDC机架供需情况进行了测算。测算结果表明，北上广深等一线城市均存在明显的供不应求，平均缺口率达到了25%。,图3：国内主要一线城市IDC机柜缺口,在新浪财经获得的这份募集说明书中还透露，该基金拟投资的项目有三个：,图4：基金拟投项目简介,值得注意的是，在上述三个项目的介绍中都提到，项目建成后，都将于沙钢集团此前收购的欧洲数据运营商GS合作，实现国内外的数据中心的战略互联。（新浪财经 陈矿然 发自深圳）,责任编辑：陈志杰",https://finance.sina.com.cn/stock/s/2020-06-17/doc-iirczymk7535878.shtml,sinaStock
35,2020-06-17 18:20:00,"伊利股份现4笔大宗交易 共成交1,060.14万元","新浪财经讯 伊利股份在6月17日，发生4笔大宗交易。,第1笔成交价格为28.91元，成交10.50万股，成交金额303.56万元，买方营业部为国泰君安证券股份有限公司总部，卖方营业部为机构专用。,第2笔成交价格为28.91元，成交9.14万股，成交金额264.24万元，买方营业部为国泰君安证券股份有限公司总部，卖方营业部为机构专用。,第3笔成交价格为28.91元，成交8.77万股，成交金额253.54万元，买方营业部为国泰君安证券股份有限公司总部，卖方营业部为机构专用。,第4笔成交价格为28.91元，成交8.26万股，成交金额238.80万元，买方营业部为国泰君安证券股份有限公司总部，卖方营业部为机构专用。,责任编辑：小浪快报",https://finance.sina.com.cn/stock/ggzz/2020-06-17/doc-iirczymk7535812.shtml,sinaStock
36,2020-06-17 18:20:00,"上海机场现6笔大宗交易 共成交2,233.97万元","新浪财经讯 上海机场在6月17日，发生6笔大宗交易。,第1笔成交价格为72.18元，成交5.55万股，成交金额400.60万元，买方营业部为国泰君安证券股份有限公司总部，卖方营业部为机构专用。,第2笔成交价格为72.18元，成交5.35万股，成交金额386.16万元，买方营业部为国泰君安证券股份有限公司总部，卖方营业部为机构专用。,第3笔成交价格为72.18元，成交5.20万股，成交金额375.34万元，买方营业部为国泰君安证券股份有限公司总部，卖方营业部为机构专用。,第4笔成交价格为72.18元，成交5.12万股，成交金额369.56万元，买方营业部为国泰君安证券股份有限公司总部，卖方营业部为机构专用。,第5笔成交价格为72.18元，成交5.05万股，成交金额364.51万元，买方营业部为国泰君安证券股份有限公司总部，卖方营业部为机构专用。,第6笔成交价格为72.18元，成交4.68万股，成交金额337.80万元，买方营业部为国泰君安证券股份有限公司总部，卖方营业部为机构专用。,责任编辑：小浪快报",https://finance.sina.com.cn/stock/ggzz/2020-06-17/doc-iircuyvi9006280.shtml,sinaStock
37,2020-06-17 18:20:00,"新凤鸣现1笔大宗交易 共成交2,459.97万元","新浪财经讯 新凤鸣在6月17日，发生1笔大宗交易。,第1笔成交价格为9.24元，成交266.23万股，成交金额2,459.97万元，买方营业部为申万宏源证券有限公司桐乡和平路证券营业部，卖方营业部为申万宏源证券有限公司厦门分公司。,责任编辑：小浪快报",https://finance.sina.com.cn/stock/ggzz/2020-06-17/doc-iirczymk7535804.shtml,sinaStock
38,2020-06-17 18:20:00,兴业银行现1笔大宗交易 共成交425.79万元,"新浪财经讯 兴业银行在6月17日，发生1笔大宗交易。,第1笔成交价格为15.77元，成交27.00万股，成交金额425.79万元，买方营业部为国泰君安证券股份有限公司总部，卖方营业部为机构专用。,责任编辑：小浪快报",https://finance.sina.com.cn/stock/ggzz/2020-06-17/doc-iirczymk7535803.shtml,sinaStock
39,2020-06-17 18:20:00,"三星医疗现2笔大宗交易 共成交2,832.00万元","新浪财经讯 三星医疗在6月17日，发生2笔大宗交易。,第1笔成交价格为7.08元，成交200.00万股，成交金额1,416.00万元，买方营业部为中信建投证券股份有限公司北京玉泉路证券营业部，卖方营业部为中信证券股份有限公司北京金融大街证券营业部。,第2笔成交价格为7.08元，成交200.00万股，成交金额1,416.00万元，买方营业部为中信证券股份有限公司北京呼家楼证券营业部，卖方营业部为中信证券股份有限公司北京金融大街证券营业部。,责任编辑：小浪快报",https://finance.sina.com.cn/stock/ggzz/2020-06-17/doc-iircuyvi9006266.shtml,sinaStock
40,2020-06-17 18:20:00,淮河能源现1笔大宗交易 共成交257.38万元,"新浪财经讯 淮河能源在6月17日，发生1笔大宗交易。,第1笔成交价格为2.15元，成交119.71万股，成交金额257.38万元，买方营业部为安信证券股份有限公司深圳分公司，卖方营业部为光大证券股份有限公司广州番禺环城东路证券营业部。,责任编辑：小浪快报",https://finance.sina.com.cn/stock/ggzz/2020-06-17/doc-iircuyvi9006263.shtml,sinaStock
41,2020-06-17 18:20:00,ST狮头现1笔大宗交易 共成交347.00万元,"新浪财经讯 ST狮头在6月17日，发生1笔大宗交易。,第1笔成交价格为6.94元，成交50.00万股，成交金额347.00万元，买方营业部为华福证券有限责任公司上海浦建路证券营业部，卖方营业部为国盛证券有限责任公司上海浦东新区世纪大道证券营业部。,责任编辑：小浪快报",https://finance.sina.com.cn/stock/ggzz/2020-06-17/doc-iircuyvi9006258.shtml,sinaStock
42,2020-06-17 18:20:00,"片仔癀现1笔大宗交易 共成交1,404.65万元","新浪财经讯 片仔癀在6月17日，发生1笔大宗交易。,第1笔成交价格为155.21元，成交9.05万股，成交金额1,404.65万元，买方营业部为中信证券股份有限公司深圳福田金田路证券营业部，卖方营业部为中信证券股份有限公司深圳福田金田路证券营业部。,责任编辑：小浪快报",https://finance.sina.com.cn/stock/ggzz/2020-06-17/doc-iircuyvi9006251.shtml,sinaStock
43,2020-06-17 18:20:00,沪硅产业现1笔大宗交易 共成交634.62万元,"新浪财经讯 沪硅产业在6月17日，发生1笔大宗交易。,第1笔成交价格为30.22元，成交21.00万股，成交金额634.62万元，买方营业部为中信建投证券股份有限公司北京丹棱街证券营业部，卖方营业部为中信建投证券股份有限公司总公司交易部。,责任编辑：小浪快报",https://finance.sina.com.cn/stock/ggzz/2020-06-17/doc-iirczymk7535781.shtml,sinaStock
44,2020-06-17 18:20:00,上海医药现2笔大宗交易 共成交978.97万元,"新浪财经讯 上海医药在6月17日，发生2笔大宗交易。,第1笔成交价格为18.21元，成交27.50万股，成交金额500.78万元，买方营业部为国泰君安证券股份有限公司总部，卖方营业部为机构专用。,第2笔成交价格为18.21元，成交26.26万股，成交金额478.19万元，买方营业部为国泰君安证券股份有限公司总部，卖方营业部为机构专用。,责任编辑：小浪快报",https://finance.sina.com.cn/stock/ggzz/2020-06-17/doc-iircuyvi9006241.shtml,sinaStock
0,2020-06-17 18:20:00,上海医药现2笔大宗交易 共成交978.97万元,"新浪财经讯 上海医药在6月17日，发生2笔大宗交易。,第1笔成交价格为18.21元，成交27.50万股，成交金额500.78万元，买方营业部为国泰君安证券股份有限公司总部，卖方营业部为机构专用。,第2笔成交价格为18.21元，成交26.26万股，成交金额478.19万元，买方营业部为国泰君安证券股份有限公司总部，卖方营业部为机构专用。,责任编辑：小浪快报",https://finance.sina.com.cn/stock/ggzz/2020-06-17/doc-iircuyvi9006241.shtml,sinaStock
1,2020-06-17 18:20:00,"恒生电子现1笔大宗交易 共成交5,699.10万元","新浪财经讯 恒生电子在6月17日，发生1笔大宗交易。,第1笔成交价格为94.20元，成交60.50万股，成交金额5,699.10万元，买方营业部为海通证券股份有限公司杭州解放路证券营业部，卖方营业部为海通证券股份有限公司杭州解放路证券营业部。,责任编辑：小浪快报",https://finance.sina.com.cn/stock/ggzz/2020-06-17/doc-iircuyvi9006233.shtml,sinaStock
2,2020-06-17 18:20:00,"今世缘现1笔大宗交易 共成交1,442.00万元","新浪财经讯 今世缘在6月17日，发生1笔大宗交易。,第1笔成交价格为36.05元，成交40.00万股，成交金额1,442.00万元，买方营业部为中国国际金融股份有限公司上海黄浦区湖滨路证券营业部，卖方营业部为华泰证券股份有限公司淮安涟水红日大道证券营业部。,责任编辑：小浪快报",https://finance.sina.com.cn/stock/ggzz/2020-06-17/doc-iirczymk7535768.shtml,sinaStock
3,2020-06-17 18:20:00,"基蛋生物现2笔大宗交易 共成交2,085.00万元","新浪财经讯 基蛋生物在6月17日，发生2笔大宗交易。,第1笔成交价格为34.75元，成交30.00万股，成交金额1,042.50万元，买方营业部为安信证券股份有限公司福建第二分公司，卖方营业部为东方财富证券股份有限公司上海陆家嘴浦东南路证券营业部。,第2笔成交价格为34.75元，成交30.00万股，成交金额1,042.50万元，买方营业部为安信证券股份有限公司福建第二分公司，卖方营业部为中信建投证券股份有限公司上海浦东新区福山路证券营业部。,责任编辑：小浪快报",https://finance.sina.com.cn/stock/ggzz/2020-06-17/doc-iircuyvi9006222.shtml,sinaStock
4,2020-06-17 18:20:00,"中国平安现8笔大宗交易 共成交3,689.89万元","新浪财经讯 中国平安在6月17日，发生8笔大宗交易。,第1笔成交价格为73.46元，成交2.83万股，成交金额207.89万元，买方营业部为国泰君安证券股份有限公司总部，卖方营业部为机构专用。,第2笔成交价格为73.46元，成交2.83万股，成交金额207.89万元，买方营业部为国泰君安证券股份有限公司总部，卖方营业部为机构专用。,第3笔成交价格为73.46元，成交9.87万股，成交金额725.05万元，买方营业部为国泰君安证券股份有限公司总部，卖方营业部为机构专用。,第4笔成交价格为73.46元，成交9.87万股，成交金额725.05万元，买方营业部为国泰君安证券股份有限公司总部，卖方营业部为机构专用。,第5笔成交价格为73.46元，成交9.87万股，成交金额725.05万元，买方营业部为国泰君安证券股份有限公司总部，卖方营业部为机构专用。,第6笔成交价格为73.46元，成交5.23万股，成交金额384.20万元，买方营业部为国泰君安证券股份有限公司总部，卖方营业部为机构专用。,第7笔成交价格为73.46元，成交5.09万股，成交金额373.91万元，买方营业部为国泰君安证券股份有限公司总部，卖方营业部为机构专用。,第8笔成交价格为73.46元，成交4.64万股，成交金额340.85万元，买方营业部为国泰君安证券股份有限公司总部，卖方营业部为机构专用。,责任编辑：小浪快报",https://finance.sina.com.cn/stock/ggzz/2020-06-17/doc-iircuyvi9006213.shtml,sinaStock
5,2020-06-17 18:20:00,"XD瑞斯康现1笔大宗交易 共成交1,815.00万元","新浪财经讯 XD瑞斯康在6月17日，发生1笔大宗交易。,第1笔成交价格为11.00元，成交165.00万股，成交金额1,815.00万元，买方营业部为华泰证券股份有限公司北京雍和宫证券营业部，卖方营业部为兴业证券股份有限公司上海四平路证券营业部。,责任编辑：小浪快报",https://finance.sina.com.cn/stock/ggzz/2020-06-17/doc-iircuyvi9006209.shtml,sinaStock
6,2020-06-17 18:20:00,华熙生物现1笔大宗交易 共成交478.10万元,"新浪财经讯 华熙生物在6月17日，发生1笔大宗交易。,第1笔成交价格为136.60元，成交3.50万股，成交金额478.10万元，买方营业部为中国国际金融股份有限公司深圳福华一路证券营业部，卖方营业部为中国国际金融股份有限公司北京建国门外大街证券营业部。,责任编辑：小浪快报",https://finance.sina.com.cn/stock/ggzz/2020-06-17/doc-iirczymk7535756.shtml,sinaStock
7,2020-06-17 18:20:00,"中国巨石现1笔大宗交易 共成交3,420.00万元","新浪财经讯 中国巨石在6月17日，发生1笔大宗交易。,第1笔成交价格为9.00元，成交380.00万股，成交金额3,420.00万元，买方营业部为中国国际金融股份有限公司北京建国门外大街证券营业部，卖方营业部为中信证券股份有限公司广州临江大道证券营业部。,责任编辑：小浪快报",https://finance.sina.com.cn/stock/ggzz/2020-06-17/doc-iircuyvi9006193.shtml,sinaStock
8,2020-06-17 18:20:00,"中信银行现6笔大宗交易 共成交3,528.00万元","新浪财经讯 中信银行在6月17日，发生6笔大宗交易。,第1笔成交价格为5.04元，成交155.00万股，成交金额781.20万元，买方营业部为国泰君安证券股份有限公司总部，卖方营业部为机构专用。,第2笔成交价格为5.04元，成交153.00万股，成交金额771.12万元，买方营业部为国泰君安证券股份有限公司总部，卖方营业部为机构专用。,第3笔成交价格为5.04元，成交124.00万股，成交金额624.96万元，买方营业部为国泰君安证券股份有限公司总部，卖方营业部为机构专用。,第4笔成交价格为5.04元，成交93.00万股，成交金额468.72万元，买方营业部为国泰君安证券股份有限公司总部，卖方营业部为机构专用。,第5笔成交价格为5.04元，成交90.00万股，成交金额453.60万元，买方营业部为国泰君安证券股份有限公司总部，卖方营业部为机构专用。,第6笔成交价格为5.04元，成交85.00万股，成交金额428.40万元，买方营业部为国泰君安证券股份有限公司总部，卖方营业部为机构专用。,责任编辑：小浪快报",https://finance.sina.com.cn/stock/ggzz/2020-06-17/doc-iircuyvi9006187.shtml,sinaStock
9,2020-06-17 18:20:00,"贵州茅台现8笔大宗交易 共成交2,400.64万元","新浪财经讯 贵州茅台在6月17日，发生8笔大宗交易。,第1笔成交价格为1,403.88元，成交0.19万股，成交金额266.74万元，买方营业部为国泰君安证券股份有限公司总部，卖方营业部为机构专用。,第2笔成交价格为1,403.88元，成交0.19万股，成交金额266.74万元，买方营业部为国泰君安证券股份有限公司总部，卖方营业部为机构专用。,第3笔成交价格为1,403.88元，成交0.19万股，成交金额266.74万元，买方营业部为国泰君安证券股份有限公司总部，卖方营业部为机构专用。,第4笔成交价格为1,403.88元，成交0.20万股，成交金额280.78万元，买方营业部为国泰君安证券股份有限公司总部，卖方营业部为机构专用。,第5笔成交价格为1,403.88元，成交0.21万股，成交金额294.81万元，买方营业部为国泰君安证券股份有限公司总部，卖方营业部为机构专用。,第6笔成交价格为1,403.88元，成交0.25万股，成交金额350.97万元，买方营业部为国泰君安证券股份有限公司总部，卖方营业部为机构专用。,第7笔成交价格为1,403.88元，成交0.25万股，成交金额350.97万元，买方营业部为国泰君安证券股份有限公司总部，卖方营业部为机构专用。,第8笔成交价格为1,403.88元，成交0.23万股，成交金额322.89万元，买方营业部为国泰君安证券股份有限公司总部，卖方营业部为机构专用。,责任编辑：小浪快报",https://finance.sina.com.cn/stock/ggzz/2020-06-17/doc-iircuyvi9006178.shtml,sinaStock
10,2020-06-17 18:20:00,恒瑞医药现1笔大宗交易 共成交470.56万元,"新浪财经讯 恒瑞医药在6月17日，发生1笔大宗交易。,第1笔成交价格为87.14元，成交5.40万股，成交金额470.56万元，买方营业部为国泰君安证券股份有限公司总部，卖方营业部为机构专用。,责任编辑：小浪快报",https://finance.sina.com.cn/stock/ggzz/2020-06-17/doc-iirczymk7535738.shtml,sinaStock
11,2020-06-17 18:20:00,"交通银行现3笔大宗交易 共成交1,020.00万元","新浪财经讯 交通银行在6月17日，发生3笔大宗交易。,第1笔成交价格为5.10元，成交70.00万股，成交金额357.00万元，买方营业部为国泰君安证券股份有限公司总部，卖方营业部为机构专用。,第2笔成交价格为5.10元，成交70.00万股，成交金额357.00万元，买方营业部为国泰君安证券股份有限公司总部，卖方营业部为机构专用。,第3笔成交价格为5.10元，成交60.00万股，成交金额306.00万元，买方营业部为国泰君安证券股份有限公司总部，卖方营业部为机构专用。,责任编辑：小浪快报",https://finance.sina.com.cn/stock/ggzz/2020-06-17/doc-iirczymk7535725.shtml,sinaStock
12,2020-06-17 18:20:00,"能科股份现1笔大宗交易 共成交4,198.95万元","新浪财经讯 能科股份在6月17日，发生1笔大宗交易。,第1笔成交价格为32.55元，成交129.00万股，成交金额4,198.95万元，买方营业部为机构专用，卖方营业部为中国国际金融股份有限公司厦门莲岳路证券营业部。,责任编辑：小浪快报",https://finance.sina.com.cn/stock/ggzz/2020-06-17/doc-iircuyvi9006148.shtml,sinaStock
13,2020-06-17 18:20:00,百联股份现1笔大宗交易 共成交554.30万元,"新浪财经讯 百联股份在6月17日，发生1笔大宗交易。,第1笔成交价格为12.05元，成交46.00万股，成交金额554.30万元，买方营业部为中信证券股份有限公司临安钱王街证券营业部，卖方营业部为中信证券股份有限公司临安钱王街证券营业部。,责任编辑：小浪快报",https://finance.sina.com.cn/stock/ggzz/2020-06-17/doc-iircuyvi9006132.shtml,sinaStock
14,2020-06-17 18:20:00,"腾达建设现2笔大宗交易 共成交3,954.00万元","新浪财经讯 腾达建设在6月17日，发生2笔大宗交易。,第1笔成交价格为2.70元，成交734.00万股，成交金额1,981.80万元，买方营业部为中国银河证券股份有限公司台州邮电路证券营业部，卖方营业部为机构专用。,第2笔成交价格为2.70元，成交730.45万股，成交金额1,972.20万元，买方营业部为中国银河证券股份有限公司台州邮电路证券营业部，卖方营业部为机构专用。,责任编辑：小浪快报",https://finance.sina.com.cn/stock/ggzz/2020-06-17/doc-iirczymk7535702.shtml,sinaStock
15,2020-06-17 18:20:00,"泰豪科技现1笔大宗交易 共成交2,174.72万元","新浪财经讯 泰豪科技在6月17日，发生1笔大宗交易。,第1笔成交价格为5.49元，成交396.12万股，成交金额2,174.72万元，买方营业部为招商证券股份有限公司北京车公庄西路证券营业部，卖方营业部为中国国际金融股份有限公司上海黄浦区湖滨路证券营业部。,责任编辑：小浪快报",https://finance.sina.com.cn/stock/ggzz/2020-06-17/doc-iircuyvi9006116.shtml,sinaStock
16,2020-06-17 18:20:00,"海螺水泥现6笔大宗交易 共成交1,847.53万元","新浪财经讯 海螺水泥在6月17日，发生6笔大宗交易。,第1笔成交价格为56.02元，成交6.60万股，成交金额369.73万元，买方营业部为国泰君安证券股份有限公司总部，卖方营业部为机构专用。,第2笔成交价格为56.02元，成交6.50万股，成交金额364.13万元，买方营业部为国泰君安证券股份有限公司总部，卖方营业部为机构专用。,第3笔成交价格为56.02元，成交5.23万股，成交金额292.98万元，买方营业部为国泰君安证券股份有限公司总部，卖方营业部为机构专用。,第4笔成交价格为56.02元，成交4.97万股，成交金额278.42万元，买方营业部为国泰君安证券股份有限公司总部，卖方营业部为机构专用。,第5笔成交价格为56.02元，成交4.97万股，成交金额278.42万元，买方营业部为国泰君安证券股份有限公司总部，卖方营业部为机构专用。,第6笔成交价格为56.02元，成交4.71万股，成交金额263.85万元，买方营业部为国泰君安证券股份有限公司总部，卖方营业部为机构专用。,责任编辑：小浪快报",https://finance.sina.com.cn/stock/ggzz/2020-06-17/doc-iirczymk7535687.shtml,sinaStock
17,2020-06-17 18:20:00,"中房股份现1笔大宗交易 共成交3,492.10万元","新浪财经讯 中房股份在6月17日，发生1笔大宗交易。,第1笔成交价格为7.43元，成交470.00万股，成交金额3,492.10万元，买方营业部为申万宏源西部证券有限公司上海虹口区中山北一路证券营业部，卖方营业部为湘财证券股份有限公司上海金沙江路证券营业部。,责任编辑：小浪快报",https://finance.sina.com.cn/stock/ggzz/2020-06-17/doc-iircuyvi9006096.shtml,sinaStock
18,2020-06-17 18:20:00,"华友钴业现8笔大宗交易 共成交13,840.82万元","新浪财经讯 华友钴业在6月17日，发生8笔大宗交易。,第1笔成交价格为38.04元，成交6.50万股，成交金额247.26万元，买方营业部为中信建投证券股份有限公司北京丹棱街证券营业部，卖方营业部为中信建投证券股份有限公司总公司交易部。,第2笔成交价格为38.04元，成交12.00万股，成交金额456.48万元，买方营业部为中信建投证券股份有限公司西安市南大街证券营业部，卖方营业部为中信建投证券股份有限公司总公司交易部。,第3笔成交价格为38.04元，成交12.00万股，成交金额456.48万元，买方营业部为中信建投证券股份有限公司西安市南大街证券营业部，卖方营业部为中信建投证券股份有限公司总公司交易部。,第4笔成交价格为33.37元，成交30.00万股，成交金额1,001.10万元，买方营业部为东方证券股份有限公司公司总部，卖方营业部为申万宏源证券有限公司桐乡和平路证券营业部。,第5笔成交价格为33.37元，成交60.00万股，成交金额2,002.20万元，买方营业部为国信证券股份有限公司公司总部，卖方营业部为申万宏源证券有限公司桐乡和平路证券营业部。,第6笔成交价格为33.37元，成交160.00万股，成交金额5,339.20万元，买方营业部为瑞银证券有限责任公司上海花园石桥路证券营业部，卖方营业部为申万宏源证券有限公司桐乡和平路证券营业部。,第7笔成交价格为33.37元，成交100.00万股，成交金额3,337.00万元，买方营业部为机构专用，卖方营业部为申万宏源证券有限公司桐乡和平路证券营业部。,第8笔成交价格为33.37元，成交30.00万股，成交金额1,001.10万元，买方营业部为财通证券股份有限公司桐乡庆丰北路证券营业部，卖方营业部为申万宏源证券有限公司桐乡和平路证券营业部。,责任编辑：小浪快报",https://finance.sina.com.cn/stock/ggzz/2020-06-17/doc-iirczymk7535666.shtml,sinaStock
19,2020-06-17 18:20:00,杭叉集团现1笔大宗交易 共成交694.20万元,"新浪财经讯 杭叉集团在6月17日，发生1笔大宗交易。,第1笔成交价格为8.90元，成交78.00万股，成交金额694.20万元，买方营业部为中信证券股份有限公司临安钱王街证券营业部，卖方营业部为中信证券股份有限公司临安钱王街证券营业部。,责任编辑：小浪快报",https://finance.sina.com.cn/stock/ggzz/2020-06-17/doc-iircuyvi9006076.shtml,sinaStock
20,2020-06-17 18:20:00,"中国国旅现2笔大宗交易 共成交1,060.07万元","新浪财经讯 中国国旅在6月17日，发生2笔大宗交易。,第1笔成交价格为126.50元，成交5.38万股，成交金额680.57万元，买方营业部为国泰君安证券股份有限公司总部，卖方营业部为机构专用。,第2笔成交价格为126.50元，成交3.00万股，成交金额379.50万元，买方营业部为国泰君安证券股份有限公司总部，卖方营业部为机构专用。,责任编辑：小浪快报",https://finance.sina.com.cn/stock/ggzz/2020-06-17/doc-iirczymk7535645.shtml,sinaStock
21,2020-06-17 18:20:00,香梨股份现1笔大宗交易 共成交928.91万元,"新浪财经讯 香梨股份在6月17日，发生1笔大宗交易。,第1笔成交价格为10.08元，成交92.15万股，成交金额928.91万元，买方营业部为安信证券股份有限公司深圳分公司，卖方营业部为光大证券股份有限公司广州番禺环城东路证券营业部。,责任编辑：小浪快报",https://finance.sina.com.cn/stock/ggzz/2020-06-17/doc-iircuyvi9006055.shtml,sinaStock
22,2020-06-17 18:20:00,恒顺醋业现1笔大宗交易 共成交495.00万元,"新浪财经讯 恒顺醋业在6月17日，发生1笔大宗交易。,第1笔成交价格为16.50元，成交30.00万股，成交金额495.00万元，买方营业部为中国银河证券股份有限公司上海崮山路证券营业部，卖方营业部为中国银河证券股份有限公司上海崮山路证券营业部。,责任编辑：小浪快报",https://finance.sina.com.cn/stock/ggzz/2020-06-17/doc-iirczymk7535622.shtml,sinaStock
23,2020-06-17 18:20:00,"华创阳安现3笔大宗交易 共成交19,887.30万元","新浪财经讯 华创阳安在6月17日，发生3笔大宗交易。,第1笔成交价格为11.63元，成交570.00万股，成交金额6,629.10万元，买方营业部为申万宏源证券有限公司上海分公司，卖方营业部为华创证券有限责任公司北京新兴桥证券营业部。,第2笔成交价格为11.63元，成交570.00万股，成交金额6,629.10万元，买方营业部为申万宏源证券有限公司上海分公司，卖方营业部为华创证券有限责任公司北京新兴桥证券营业部。,第3笔成交价格为11.63元，成交570.00万股，成交金额6,629.10万元，买方营业部为申万宏源证券有限公司上海分公司，卖方营业部为华创证券有限责任公司北京新兴桥证券营业部。,责任编辑：小浪快报",https://finance.sina.com.cn/stock/ggzz/2020-06-17/doc-iircuyvi9006042.shtml,sinaStock
24,2020-06-17 18:20:00,"风神股份现1笔大宗交易 共成交2,817.32万元","新浪财经讯 风神股份在6月17日，发生1笔大宗交易。,第1笔成交价格为4.18元，成交674.00万股，成交金额2,817.32万元，买方营业部为广发证券股份有限公司焦作人民路证券营业部，卖方营业部为广发证券股份有限公司焦作人民路证券营业部。,责任编辑：小浪快报",https://finance.sina.com.cn/stock/ggzz/2020-06-17/doc-iirczymk7535606.shtml,sinaStock
25,2020-06-17 18:20:00,"山东药玻现6笔大宗交易 共成交12,944.36万元","新浪财经讯 山东药玻在6月17日，发生6笔大宗交易。,第1笔成交价格为45.26元，成交15.00万股，成交金额678.90万元，买方营业部为中国银河证券股份有限公司浙江分公司，卖方营业部为西部证券股份有限公司淄博联通路证券营业部。,第2笔成交价格为45.26元，成交50.00万股，成交金额2,263.00万元，买方营业部为瑞银证券有限责任公司上海花园石桥路证券营业部，卖方营业部为西部证券股份有限公司淄博联通路证券营业部。,第3笔成交价格为45.26元，成交128.00万股，成交金额5,793.28万元，买方营业部为机构专用，卖方营业部为西部证券股份有限公司淄博联通路证券营业部。,第4笔成交价格为45.26元，成交66.00万股，成交金额2,987.16万元，买方营业部为机构专用，卖方营业部为西部证券股份有限公司淄博联通路证券营业部。,第5笔成交价格为45.26元，成交16.00万股，成交金额724.16万元，买方营业部为机构专用，卖方营业部为西部证券股份有限公司淄博联通路证券营业部。,第6笔成交价格为45.26元，成交11.00万股，成交金额497.86万元，买方营业部为机构专用，卖方营业部为西部证券股份有限公司淄博联通路证券营业部。,责任编辑：小浪快报",https://finance.sina.com.cn/stock/ggzz/2020-06-17/doc-iircuyvi9006030.shtml,sinaStock
26,2020-06-17 18:20:00,"三一重工现4笔大宗交易 共成交1,381.10万元","新浪财经讯 三一重工在6月17日，发生4笔大宗交易。,第1笔成交价格为19.59元，成交15.00万股，成交金额293.85万元，买方营业部为国泰君安证券股份有限公司总部，卖方营业部为机构专用。,第2笔成交价格为19.59元，成交15.00万股，成交金额293.85万元，买方营业部为国泰君安证券股份有限公司总部，卖方营业部为机构专用。,第3笔成交价格为19.59元，成交15.00万股，成交金额293.85万元，买方营业部为国泰君安证券股份有限公司总部，卖方营业部为机构专用。,第4笔成交价格为19.59元，成交25.50万股，成交金额499.55万元，买方营业部为国泰君安证券股份有限公司总部，卖方营业部为机构专用。,责任编辑：小浪快报",https://finance.sina.com.cn/stock/ggzz/2020-06-17/doc-iirczymk7535581.shtml,sinaStock
27,2020-06-17 18:20:00,农业银行现1笔大宗交易 共成交385.25万元,"新浪财经讯 农业银行在6月17日，发生1笔大宗交易。,第1笔成交价格为3.35元，成交115.00万股，成交金额385.25万元，买方营业部为国泰君安证券股份有限公司总部，卖方营业部为机构专用。,责任编辑：小浪快报",https://finance.sina.com.cn/stock/ggzz/2020-06-17/doc-iircuyvi9006010.shtml,sinaStock
28,2020-06-17 18:17:00,*ST美都：上交所决定终止公司股票上市,"新浪财经讯 6月17日消息，*ST美都（600175）6月17日晚间公告，公司6月17日收到上交所《关于美都能源股份有限公司股票终止上市的决定》，上交所决定终止公司股票上市。,责任编辑：逯文云",https://finance.sina.com.cn/stock/s/2020-06-17/doc-iirczymk7535260.shtml,sinaStock
29,2020-06-17 18:14:00,恒泰证券一营业部员工替客户交易证券 被出具警示函,"新浪财经讯 6月16日，广东证监局披露对陈树雄采取出具警示函措施的决定。,经查，陈树雄在恒泰证券股份有限公司潮州城新西路证券营业部任职期间，存在替客户办理证券认购、交易的行为。,上述行为违反了《证券经纪人管理暂行规定》（以下简称《暂行规定》）第十二条的规定。根据《暂行规定》第二十四条、第二十六条的规定，广东证监局决定对其采取出具警示函的监督管理措施。（文/新浪财经 郝显）,责任编辑：公司观察",https://finance.sina.com.cn/stock/observe/2020-06-17/doc-iircuyvi9005163.shtml,sinaStock
30,2020-06-17 18:14:00,王振华猥亵儿童罪获刑5年判轻了吗？,"原标题：王振华猥亵儿童罪获刑5年判轻了吗？,来源：21世纪经济报道,将“类强奸”行为列入猥亵儿童罪的“其他恶劣情节”范围，有利于加重量刑，打击犯罪。,6月17日，上海市普陀区人民法院当庭对新城控股原实控人王振华作出判决，以猥亵儿童罪判处被告人王振华有期徒刑五年。,2019年7月2日，57岁的新城控股时任董事长王振华，在上海涉嫌猥亵一名9岁女童，被上海市公安局普陀分局刑事拘留。,根据公开报道，被猥亵女童事后向在江苏的母亲打电话哭诉，母亲即来沪报警，王某随即被采取强制措施。女童已验伤情，阴道有撕裂伤，构成轻伤。另据报道，王振华同意周燕某为其介绍物色年轻女性供其发生关系，并两次转账给（牵线人）周慧某、周燕某共计10万元。,王振华辩护律师之一李肖霖告诉21世纪经济报道记者，由于此案为不公开审理，自己无法接受采访。,但王振华案宣判后，引起舆论广泛关注，有声音质疑王振华被判有期徒刑5年过轻，还有声音称王振华应被判量刑更重的强奸罪。,5年为顶格判刑,我国刑法第二百三十七条规定了猥亵儿童罪，该条规定：,以暴力、胁迫或者其他方法强制猥亵他人或者侮辱妇女的，处五年以下有期徒刑或者拘役。,聚众或者在公共场所当众犯前款罪的，或者有其他恶劣情节的，处五年以上有期徒刑。,猥亵儿童的，依照前两款的规定从重处罚。,也就是说，猥亵儿童罪的量刑分为两档：五年以下有期徒刑或者拘役；五年以上有期徒刑。王振华被判刑5年，是在第一档顶格量刑。,如果判处王振华5年以上有期徒刑，需要符合三种情形中的一种：聚众，在公共场所当众，或者有其他恶劣情节。,司法实践当中，“聚众”较好认定，但何为“公共场所”、以及其他恶劣情节的范围则存在分歧。,2003年10月23日，“两高两部”发布《关于依法惩治性侵害未成年人犯罪的意见》（下称《性侵意见》），对“公共场所”进行了一定的解释，其中指出：在校园、游泳馆、儿童游乐场等公共场所对未成年人实施强奸、猥亵犯罪，只要有其他多人在场，不论在场人员是否实际看到，均可以依照刑法第二百三十六条第三款、第二百三十七条的规定，认定为在公共场所“当众”强奸妇女，强制猥亵、侮辱妇女，猥亵儿童。,然而，随后的司法实践中，慢慢出现了在学生宿舍、教室、卫生间等场所实施猥亵儿童的犯罪案件，再度引起对“公共场所”“当众”的争议。,因此，2018年最高人民检察院在公布的第十一批指导案例中进一步明确：“只要场所具有相对公开性，且有其他多人在场，有被他人感知可能性的，就可以认定为在‘公共场所当众’ 加重情节。”,根据公开报道，王振华案发在酒店，是否属于“公共场所”并“当众”的认定难度应该不大。因此，量刑争议的关键在于是否“有其他恶劣情节”。,什么是“其他恶劣情节”,实际上，起初的刑法对于猥亵儿童罪的第二档量刑条件，仅规定了聚众或者在公共场所当众，正因为无法适应司法实践的需求，在2015年审议通过的《刑法修正案（九）》中，加入了“有其他恶劣情节”。,然而，刑法修改后，至今尚未出台具体界定何为恶劣情节的司法解释。这导致了司法实践中，猥亵儿童罪判刑较轻。,有学者统计了2017年宣判的389起猥亵儿童罪一审案件，其中最轻判处拘役3个月，有期徒刑3年以下的判决占72.3%，21人适用缓刑。有期徒刑3—5年的判决适用较少，5年有期徒刑以上的判决只有24例，只占6.2%。,据统计，这24例判决的量刑情节除了“在公共场所当众”，还包括：致使被害人染病，如一起案件中，被害人感染梅毒，造成被害人长期的生理心理伤害；长期多次实施猥亵行为，如一起案件中，法院认为犯罪人“在教室里等其他公共场所公然地、长期地猥亵13名未满14周岁的女学生，给女学生造成难以弥补的心灵创伤，同时也不可避免地给其他众多在场的学生造成不良影响，情节恶劣，应从重处罚”，另一起案件中，法院认为“被告人奚某长期、多次猥亵未满14周岁的儿童，且被害人受到心理创伤，其精神、心理状态均受到不利影响并有自伤情况。,正是因为目前尚未出台明确的司法解释，有学者建议将《性侵意见》中的7款从重处罚情节中的严重情节认定为“其他恶劣情节”，这包括：,（1）对未成年人负有特殊职责的人员、与未成年人有共同家庭生活关系的人员、国家工作人员或者冒充国家工作人员，实施强奸、猥亵犯罪的；,（2）进入未成年人住所、学生集体宿舍实施强奸、猥亵犯罪的；,（3）采取暴力、胁迫、麻醉等强制手段实施奸淫幼女、猥亵儿童犯罪的；,（4）对不满十二周岁的儿童、农村留守儿童、严重残疾或者精神智力发育迟滞的未成年人，实施强奸、猥亵犯罪的；,（5）猥亵多名未成年人，或者多次实施强奸、猥亵犯罪的；,（6）造成未成年被害人轻伤、怀孕、感染性病等后果的；,（7）有强奸、猥亵犯罪前科劣迹的。,强奸罪还是猥亵罪,王振华案更大的质疑是，为何不能判处其犯强奸罪，尤其是公开报道称女童已验伤情，阴道有撕裂伤，构成轻伤。,但一位不愿具名的刑法学者对21世纪经济报道记者表示，应该遵循罪刑法定原则，秉持猥亵儿童罪和奸淫幼女型强奸罪的明确界限，根据证据进行罪名认定。,他认为，强奸应该是两性性器官进行接触的性交行为，尽管司法实践中，出于对幼女身心健康的保护，只要两性性器官发生了接触，而不需“插入”，就可以被认定为既遂，但其前提仍是两性性器官的接触，而非对一方性器官的接触。,“因此，对于具有奸淫性交意图、存在性器官接触的行为，应该以奸淫幼女型强奸罪论处，而对于以刺激或满足性欲为目的，而不具有性交意图的针对女童的淫秽性手段行为，应当以猥亵儿童罪论处。”他说。,当然，国外有些国家的立法正在扩大强奸罪的犯罪手段。例如，强迫男子或女子肛交，将异物如棍、棒强行插入他人生殖器、肛门也认为足以造成性侵害。但在我国，这些行为尚未被认定为强奸。,事实上，被判奸淫幼女型强奸罪也不代表着必然被判重刑。根据《刑法》第236条第2、3 款的规定，奸淫幼女型强奸罪的基本犯依照强奸罪从重处罚，即在三年以上十年以下有期徒刑范围内从重处罚，仅当奸淫幼女情节恶劣或致使被害幼女重伤、死亡或造成其他严重后果等情形加重或结果加重的情况下，才进行法定刑的升格。,因此，有学者建议，将“类强奸”行为列入猥亵儿童罪的“其他恶劣情节”范围，有利于加重量刑，打击犯罪。,华东政法大学教授张勇就曾撰文建议，对于以“类强奸”方式进行猥亵的犯罪行为，应当比照强奸罪量刑。具体认定如下：,使用器物侵入他人阴道、肛门的，造成轻伤以上后果或导致被害人自杀、精神失常的，应判处5年以上有期徒刑（最高可达15年）。若造成他人重伤或死亡的结果，需要判处无期徒刑以上刑罚才能实现罪刑相当的，则应当以故意伤害罪甚至故意杀人罪论处；,两人以上共同轮流强制对他人实施肛交、口交或者未达两人，多次强制对他人实施肛交、口交的，应考虑判处5年以上有期徒刑。,（作者：王峰 编辑：林虹）,责任编辑：逯文云",https://finance.sina.com.cn/stock/s/2020-06-17/doc-iircuyvi9006556.shtml,sinaStock
31,2020-06-17 18:13:00,紫光集团买入山东金泰至5%时未公告 被警告并罚30万,"新浪财经讯 6月17日，山东证监局披露对紫光集团违反证券法律法规的行为的处罚决定书。,依据2005年修订的《中华人民共和国证券法》（以下简称2005年《证券法》）有关规定，山东证监局对紫光集团违反证券法律法规的行为进行了立案调查、审理。,经查明，紫光集团存在以下违法事实：,紫光集团49%的股份由北京健坤投资集团有限公司（以下简称健坤投资）持有，且赵伟国系紫光集团与健坤投资的董事长。根据《上市公司收购管理办法》（证监会令第108号）第八十三条第二款第三项和第四项的规定，紫光集团与健坤投资为一致行动人。,2016年2月25日至2017年6月28日，紫光集团与健坤投资累计净买入上市公司山东金泰集团股份有限公司（以下简称山东金泰）股票7，334，593股，合计持股比例为4.95%。2017年6月30日14时26分，紫光集团买入“山东金泰”100，000股后，紫光集团与健坤投资合计持股比例为5.02%。紫光集团与健坤投资合计持股达到山东金泰已发行股份总额的5%时，未在该事实发生之日起三日内向中国证监会、证券交易所报告，亦未通知山东金泰予以公告，未停止交易“山东金泰”。2017年7月20日，紫光集团与健坤投资签署了简式权益变动报告书，21日山东金泰予以公告。,以上事实，有相关企业工商资料、证券账户交易资料、当事人询问笔录、山东金泰公告等证据证明，足以认定。,紫光集团的行为违反了2005年《证券法》第八十六条第一款的规定，构成了2005年《证券法》第一百九十三条所述违法行为。,对紫光集团的违法行为，时任紫光集团董事长及法定代表人赵伟国是直接负责的主管人员。,根据当事人违法行为的事实、性质、情节与社会危害程度，依据2005年《证券法》第一百九十三条的规定，山东证监局决定：,责令紫光集团改正，对紫光集团给予警告，并处以30万元罚款；对直接负责的主管人员赵伟国给予警告，并处以3万元罚款。（文/新浪财经 郝显）,责任编辑：公司观察",https://finance.sina.com.cn/stock/observe/2020-06-17/doc-iirczymk7534662.shtml,sinaStock
32,2020-06-17 18:10:00,江西国资入驻一年开始“撤退” 三鑫医疗股价同期上涨超200%,"原标题：江西国资入驻一年开始“撤退” 三鑫医疗股价同期上涨超200%,来源：每日经济新闻,每经记者 于垚峰 每经编辑 吴永久,6月16日晚间，三鑫医疗（300453，SZ）发布公告，公司股东中航信托股份有限公司（代表中航信托·天顺【2019】113号江西国资支持民营企业专项单一资金信托）（以下简称中航信托）持有公司股份共1074.59万股（占公司总股本比例为4.09%），中航信托计划减持公司股份累计不超过260万股，即不超过公司总股本的0.9897%。,中航信托持有三鑫医疗股份系一年前江西国资“纾困”基金通过受让获得，江西国资创新发展基金（有限合伙）委托中航信托设立信托计划，出资1.1亿元，共持有三鑫医疗1600万股。,入驻三鑫医疗一年后，江西国资开始分步离场。5月26日起，中航信托已经两次通过大宗交易，分别转让三鑫医疗288万股和237.41万股。,6月17日，三鑫医疗证券部人士在接受《每日经济新闻》记者采访时表示，昨天的减持公告只是一个预披露，未来实际减持完成，公司也会及时的公告。,一年来，三鑫医疗股价一路上涨，自去年6月最低时的6.3元，到今年6月15日收盘21.38元，上涨幅度超200%。纾困资金开始离场,6月16日，三鑫医疗发布《关于原持股5%以上股东股份减持计划的预披露公告》，公司原持股5%以上股东中航信托持有公司股份共1074.59万股（占公司总股本比例为4.09%），中航信托计划减持公司股份累计不超过260万股，即不超过公司总股本的0.99%，减持方式为集中竞价交易方式。,中航信托所持三鑫医疗股份为代江西省国资纾困基金持有，2019年6月24日，三鑫医疗公告披露，江西国资创新发展基金（有限合伙）（以下简称国资创新基金）委托中航信托设立信托计划，以协议转让方式，以6.86元/股的价格受让三鑫医疗股东彭义兴、雷凤莲和彭海波持有的1600万股，持股比例达到6.1231%。,公告显示，信托资金总认购金额为1.1亿元，将用于三鑫医疗大股东彭义兴及一致行动人雷凤莲、彭海波偿还其金融机构股票质押借款，降低股票质押比例。,国资创新基金是由江西省国资委所属江西省国资汇富产业整合投资管理有限公司牵头发起，成立于2018年12月，注册资本30.01亿元。据介绍，国资创新基金是按照政府引导、市场运作的原则，对省委、省政府关注的战略新兴产业、重大项目和优质民营企业在内的重要企业进行市场化投资和重点帮扶支持，帮助民营企业纾困解难的纾困基金。,在本次披露减持前，中航信托已经进行了两次减持。5月26日，中航信托通过大宗交易方式减持了288万股，成交价14.67元，成交额4224.96万元；6月8日，再次通过大宗交易方式减持了237.41万股，成交价16.03元，成交额3805.68万元。,就在江西国资逐步退出三鑫医疗之际，公司董监高也在6月份完成了减持，公司董事毛志平减持28万股，副总经理、财务总监乐珍荣减持了16万股，监事张琳减持了3.2万股。上述人员将其持有的无限售条件股份全部减持。股价同期上涨超200%,当股东和董监高减持股份时，三鑫医疗股价处于历史的高位，相比2019年6月时，如今股价已从每股6元多最高涨到了21元多，上涨超200%。,一位医疗行业分析师认为，三鑫医疗股价上涨的时间主要发生在2020年，这与新冠肺炎疫情期间医疗股走强有一定关系。“另外，公司发布的关于医用口罩的注册申请和生产也让公司受到广泛关注。”,三鑫医疗主要从事一次性使用医疗器械的研发、生产、销售和服务，主要涉及“血液净化类”、“留置导管类”、“注射类”、“输液输血类”、“心胸外科类”五大系列。,2020年新冠肺炎疫情发生以来，三鑫医疗多次发布公告，表示公司及其子公司先后进行了“一次性使用医用口罩”第二类医疗器械注册申请，开始生产医用口罩等相关公告。,对于持续走高的股价，三鑫医疗也进行了风险提示，并表示公司一次性医用口罩、医用外科口罩的实际生产销售情况受疫情防控进展、市场供求状况等多方面因素影响，公司目前尚无法预测其对未来业绩的具体影响。,同时，三鑫医疗证券部人士向《每日经济新闻》记者也表示，一次性医用口罩在公司的占比并不大。2020年一季度，三鑫医疗实现收入1.7亿元，同比增长27.5%，实现归母净利润1214万元，同比增长141.7%，实现扣非净利润964万元，同比增长136.6%。",https://finance.sina.com.cn/stock/relnews/cn/2020-06-17/doc-iircuyvi9006986.shtml,sinaStock
33,2020-06-17 18:09:00,中原证券两次因劳资纠纷与员工对簿公堂 净利连续4年下滑,"中原证券两次因劳资纠纷与员工对簿公堂，近年多起诉讼缠身，净利连续4年下滑,胡雨,中原证券近期又收到一份关于劳资纠纷的判决书，而这已是公司及其营业部6月以来收到的第二份。,裁判文书网显示，中原证券某地营业部作为原告要求法院撤回劳动仲裁确定的支付员工工资的要求被驳回，另一起是离职员工起诉中原证券要求支付违约金的诉求未获法院支持。,梳理发现，除却劳资纠纷外，近年来中原证券因两融业务及股权质押业务而引发的纠纷也不在少数，因业务办理方拖欠融资本息，中原证券多次采取诉讼手段维权。,从业绩来看，自2017年上市以来公司净利润连年持续下滑，规模较上市前大幅缩水。,与两员工因劳资纠纷对簿公堂,第一起诉讼是中原证券前员工要求公司支付违约金。2013年，郑淑侦进入中原证券北京广安门外大街证券营业部，后升任总经理。2018年2月，郑淑侦被调至中原证券总部旗下的投资银行第四事业部，担任副总经理。,来源：裁判文书网,然而当年5月15日，中原证券内部发文称，表示因第四事业部撤销而免去郑淑侦在第四事业部任职的通知，同时还将原告的岗位调整至北京酒仙桥路营业部任专职合规管理员。,对于上述调度，郑淑侦要求恢复原工作岗位或与原工作岗位待遇相等的岗位并申请仲裁，但中原证券回函称之前作出的决定无法更改，在郑淑侦未到营业部报道也未到总部上班后，中原证券在2018年7月向郑淑侦送达了解除劳动合同的通知，为此郑淑侦将中原证券告上法庭。,经审理，虽然一审法院判决中原证券支付郑淑侦未签劳动合同双倍工资差额以及违约金等合计16.88万元，但二审法院认为，在郑淑侦申请劳动仲裁之前，中原证券并未实施解除劳动关系的行为，故郑淑侦以违法调岗为由要求支付违法解除劳动合同赔偿金的主张不成立，判决驳回其该项诉讼请求；前述“双倍工资差额”诉求亦不被支持。,在另一起诉讼中，被告为中原证券北京酒仙桥路营业部员工王艳利，其指称营业部在2017年2月、3月、12月克扣自己工资，同时自己5天年假未休，为此被告提起劳动仲裁。在仲裁裁定营业部支付上述款项合计1.12万元后，营业部将王艳利告上法庭。,来源：裁判文书网,经过一审法院裁定，由于王艳利未能说明扣除发生时间及提供充分证据，法院支持该营业部要求不支付仲裁裁决2017年2月、3月工资差额的诉讼请求；但2017年12月工资扣减以及该营业部主张王艳利年假已休，法院综合证据难以采信，最终判定中原证券该营业部支付王艳利2017年12月工资差额及未休年休假工资合计2704.02元。,中原证券北京酒仙桥路营业部不服判决提起上述，最终遭二审法院驳回，维持原判。,两融、股质纠纷不断,公司诉讼维权,进一步梳理发现，除却劳资纠纷外，近年来中原证券因两融业务及股权质押业务而引发的纠纷也不在少数，多数情况为业务办理方拖欠融资本息，为此中原证券采取诉讼手段维权。,4月16日，裁判文书网公布贾某与中原证券合同纠纷二审民事判决书。经查，2013年5月22日，贾某向中原证券提交个人客户融资融券申请表并申请45万元的融资融券额度。此后中原证券将被告一只股票强平，但此后随着股价持续下跌，强制平仓后仍不足以偿还贾某所负债务，截至2019年7月8日，贾某融资融券账户剩余可融资融券额度为-32.46万元。,中原证券为此将贾某诉至公堂，要求其偿还32.46万元融资款并支付利息及罚息，一审法院最终支持了中原证券诉求，为此贾某不服起诉上诉，但二审法院维持原判。,今年初，中原证券还收到了另一份与自然人蔚某的二审民事判决书，起因同样是两融业务。2013年3月28日，蔚某向中原证券提交个人客户融资融券申请表并申请50万元的融资融券额度。2015年7月9日，中原证券将蔚某证券账户进行强制平仓，平仓后剩余可融资融券额度为-31.77万元。,中原证券为此起诉蔚某，一审法院判决，蔚某偿还中原证券融资款31.77万元并支付自2015年7月10日起至债务实际清偿之日止的利息罚息，同时支付中原证券律师费1.26万元。蔚某不服提起上述，最终二审法院维持原判。,年内法院对中原证券与新光控股集团有限公司（下称“新光控股”）证券回购合同纠纷也作出一审判决。中原证券指出，2017年8月31日，公司与新光控股签订股票质押式回购业务协议，约定新光控股向中原证券融入资金2亿元，新光控股以持有的上市公司新光圆成公司限售股票（证券代码：002147）2450万股（后经送转股增至3185万股）作为标的证券质押给中原证券为上述融资提供担保。,此后，由于新光控股未按约定归还本金并支付利息，加之中原证券得知，其质押给自己的新光圆成公司股票3185万股于2018年10月11日全部被司法冻结，为此中原证券将新光控股诉至公堂。经审理最终法院判决，中原证券对新光控股享有此次股权质押的本金、利息、要求支付违约金以及律师代理费的债权，并对其出质股票在前述确定债权范围内享有优先受偿权。,最近4年净利润持续下滑,从经营业绩来看，2017年1月中原证券正式上市，但此后公司披露的2016年年报显示，当年公司营业收入及归母净利润分别为20.27亿元、7.19亿元，同比分别下滑49.38%、48.87%。,彼时公司表示，2016年营收下滑主要是因为经纪业务手续费净收入及自营投资业务收益的减少，从各项业务看，公司手续费及佣金净收入、利息净收入、投资收益均同比出现了20.21%至53.63%不等的下滑，公允价值变动收益更是由正转负。,到了2017年，公司营收小幅增长，但净利仍进一步下滑。2017年年报显示，中原证券实现营业收入21.48亿元，同比增长6.91%；但归母净利润合计4.42亿元，同比下滑38.50%。,2018年至2019年，公司净利润再度下滑，2018年及2019年归母净利润分别为6578.76万元、5822.27万元，同比降幅分别达到85.12%、11.50%。,而根据Wind数据，在中原证券上市前一年的2016年，公司披露的2015年年报显示，2015年公司营业收入高达40.04亿元，归母净利润合计14.06亿元，同比增幅都在100%以上。,在2019年年报中，中原证券表示将以推行职业经理人制度为契机，全面推行职级管理，持续提升专业能力，加快主体业务发展，争取实现经营业绩再上新台阶。具体而言，公司将在着力提升公司整体管理效能的同时，全力抓好各项业务发展，具体包括加快财富管理转型向纵深推进、促进投行业务全面“开花结果”、加快资管业务转型发展、稳步发展股票质押融资业务等。,责任编辑：陈志杰",https://finance.sina.com.cn/stock/s/2020-06-17/doc-iirczymk7533820.shtml,sinaStock
34,2020-06-17 18:05:00,2分钟读财报|广州浪奇主业低迷 喜提26亿拆迁款股价连涨停,"都说发家致富靠拆迁，“躺着赚钱”是不少人梦寐以求的事。而广州浪奇实业股份有限公司作为一家主营洗衣粉、液体洗涤剂等产品的老牌日化企业，知名度并不算高，但它却成为2019年“最强拆迁户”。,2019年12月10日，广州浪奇发布公告：因广州市城市更新改造需要，广州土地开发中心拟对公司位于广州市天河区黄埔大道东128号地块进行收储。公司目前已与广州土地开发中心签署收储协议，协议约定拟收储的土地面积11.97万平方米，拟收储金额为21.56亿元。,同时广州浪奇还将得到一笔“提前交地奖励”，若在签署《收储协议》后12个月内按要求交付全部土地，便可获得收储土地商业用途市场评估价的10%，即4.31亿元。因此广州浪奇总共可以拿到高达25.87亿元的“拆迁款”。,公告发布的三天内，广州浪奇的股票连续三次开盘即涨停，三个交易日累计涨幅超23%。截止至12月13日收盘，广州浪奇市值上升至42.9亿元，而这笔高达26亿元的“拆迁款”相当于60.3%的公司市值。若以2018年广州浪奇净利润3329.2万元计算，则是公司2018年净利润的78倍。,拆迁暴富难掩广州浪奇近年来主业不佳的现实。2019年广州浪奇实现营业收入123.98亿元，相比较于2018年的132.49亿元下降6.43%；实现净利润6135.59万元，相比较于2018年的6936.67万元下降-11.55%。,2019年公司的糖业、食品和日用品等业务均出现销售疲软的现象，产品的竞争力有所减弱。2020年Q1由于受到疫情的冲击，广州浪奇的业绩进一步承压，Q1实现营业收入17.25亿元，同比下降46.98%；净利润亏损1886.27万元，同比扭赢为亏。,【视频读财报】,2分钟读财报|Zara母公司Q1艰难：关店1200家 亏损32亿元,2分钟读财报|欧菲光68亿定增：股东减持过亿 董事长辞职,2分钟读财报|白酒首富汪俊林：若郎酒IPO成功 家族财富700亿,2分钟读财报|老板娘邱淑贞曾为其站台 潮牌鼻祖I.T2019年亏7亿,2分钟读财报|好想你唱哪出？30亿回购 百草味实控人疯狂减持,责任编辑：公司观察",https://finance.sina.com.cn/stock/observe/2020-06-17/doc-iirczymk7533183.shtml,sinaStock
35,2020-06-17 17:57:00,不是牛市遍地牛股：157家公司创历史新高 医药股最疯狂,"原标题：不是牛市，遍地牛股！157家公司创历史新高，医药股最疯狂,记者 | 王潇,结构性牛市，医药股最牛。,六月涨幅榜前10名的公司中，有7家医药生物公司上榜。,年内每3家翻倍股中，就有一只是医药股。,医药生物市盈率（TTM）在47倍左右，历史估值分位约94%，位于近十年波动区间的上沿。医药股估值偏高成为共识，但是机构投资者更加侧重长线投资逻辑。,157家公司股价创历史新高,医药股强势霸榜,结构性行情，个股的牛市！六月以来（截至16日，下同），两市有157家公司股价创历史新高（不包括年内上市新股，下同），其中医药生物行业所属公司有58家，占比近37%。国内新冠疫情的反复和新冠疫苗临床试验揭盲等消息，刺激疫苗、检测等概念股带动医药板块本周继续火爆。,从创新高次数来看，两市有52家公司月内至少5次创历史新高，其中康龙化成、奥翔药业和艾迪精密三家公司，更是在近12个交易日内10次创新高。,分行业来看，六月前12个交易日创新高次数最多的10家公司中，有8只医药股强势霸榜；六月涨幅榜前10名的公司中，7家医药生物公司位列其中。,百只个股年内翻倍,英科医疗涨幅超5倍,实际上，医药生物行业也是年内表现最好的板块。截至6月16日，申万医药生物行业指数年内涨幅超过32%，显著跑赢各大指数，并且在所有28个申万一级行业指数中高居首位。,个股牛市行情下，医药公司股价持续强于市场其他行业。时间拉长来看，股价年内涨幅超过100%的公司达到100家，其中6家公司股价涨幅超过200%，涨幅第一的英科医疗年内涨幅达到563%。,分行业来看，年内涨幅榜前25家公司中，医药股占据半壁江山（13家）；涨幅榜前10家公司中，医药股同样占据半壁江山（6家）；而年内涨幅翻倍的100家公司中，有34家医药股。也就是说，年内每3家翻倍股中，就有一只是医药股。,医药行业一季报靓丽,机构资金持续关注,医药股今年大面积走强除了最重要的疫情因素催化外，医药行业业绩增长稳定，以及机构资金持续买入也是重要的原因。,医药行业业绩增长具备显著优势。Wind数据显示，以上58家月内创新高的医药公司，2020一季报净利润同比增速平均值达到17.34%，这一增速在疫情影响下难能可贵。,另外，医药生物行业获得机构资金的持续买入。根据2020一季度主动股票型基金重仓股数据，医药板块持仓占比明显上升，较2019四季度上升5.4%，成为各行业中提升幅度最大的行业。北上资金同样在买入医药股，5月医药生物行业北上资金净流入量达到50亿元，是北上资金流入量第二的行业。,针对近期出现的医药牛市行情，东方马拉松合伙人王攀峰向记者表示：“这是资金的风险偏好所引起的，一方面中国经济恢复的程度好于世界其他的经济体，导致外资流入；另一方面，尽管国内疫情整体可控，但是局部的反弹是新常态，而医药板块是确定性比较强的，因此内资和外资更为青睐。”,医药生物行业短线估值偏高,机构看好行业长期配置价值,海通证券数据显示，截至6月12日，申万医药生物一级行业市盈率（TTM）触及47倍左右，估值分位约94%，位于近十年波动区间的上沿。与此同时，医药行业相对全部A股的溢价水平也处于高位水平（溢价率196%）。可以看出，医药生物板块短期估值水平已经明显偏高。所以，投资者最为关心的就是医药板块还具备长期投资价值吗？哪些细分领域机构关注度最高呢？,短期来看，医药股估值偏高成为共识，但是机构投资者更加侧重长线投资逻辑，而医药行业长期成长空间和成长确定性相对较高。对此王攀峰表示：“医药板块，坦白讲，部分细分领域的公司是高估了。我们知道，企业的价值是未来现金流的折现之和，而折现率和永续增长率是现金流折现的关键变量，当前市场流动性充裕、医药板块的确定性强，市场参与者可能在自己的估值模型中下调了折现率，导致给企业比较高的现值。”。,医药投资具体方向和品种选择上，神农投资董事长陈宇在《红周刊》最新直播时表示，对于A股医药股估值偏高，一个是更多从未来新药可能带来的公司估值非线性变化来考虑；二来对比A股，目前港股上部分同类业务的医药公司估值很便宜，这个洼地值得关注。,综观机构的最新观点，“创新”成为机构普遍关注的核心，其中创新药和医疗器械提到的频率最高。兴业证券关注具有研发、市场准入、销售等多方面系统性优势的恒瑞医药、中国生物制药、翰森制药、石药集团、复星医药等公司，以及受益于医药新基建的医疗设备类的企业，如迈瑞医疗、万东医疗；新一代自主创新\进口替代的医疗器械企业，例如乐普医疗、微创医疗、心脉医疗、威高股份、南微医学、健帆生物、启明医疗等公司。,天风证券同样关注医疗器械的长期机会，其认为无论从发展阶段、市场体量、行业增速等方面来看， 医疗器械仍处于起点阶段，未来在政策、资本投入、技术、人才等因素共振下，我国医疗器械行业有望进入黄金时代的周期中，迎来大发展时代。代表公司有迈瑞医疗、乐普医疗、安图生物、迈克生物、海尔生物、南微医学、万孚生物等公司。,西南证券认为，国内疫情防控基本取得成功，疫情对2、3月份影响明显，但是从4月份起，各级医院各科室陆续恢复正常，医药需求有望快速恢复，尤其是一季度受疫情影响较大的疫苗接种需求、眼科和口腔及体检等医疗服务需求、临床手术相关的药械需求。关注恒瑞医药、长春高新、康泰生物、智飞生物、爱尔眼科、通策医疗、欧普康视等。,总体看，在市场情绪催动下，投资者短期内对医药股不宜再盲目跟风追高，而更多要从中长期角度慢慢选择更合适的目标和买点。,（文中提及个股仅做分析，不做投资建议。）,责任编辑：逯文云",https://finance.sina.com.cn/stock/s/2020-06-17/doc-iircuyvi9020480.shtml,sinaStock
36,2020-06-17 17:52:00,阳光股份新增建筑工程合同纠纷诉讼 涉案金额7202万元,"来源：乐居财经,6月17日，阳光新业地产股份有限公司发布关于公司涉及诉讼的公告。,公司于 2020 年 6 月 17 日收到天津市第一中级人民法院《应诉通知书》、《举证通知书》、 《民事起诉状》、《天津市第一中级人民法院传票》。天津西青杨柳青森林绿野建筑工程有限公司与北京市朝阳田华建筑集团公司、公司及公司子公司北京星泰房地产开发有限公司、北京瑞金阳光投资有限公司 建筑工程合同纠纷案，天津市第一中级人民法院于 2020 年 5 月 18 日立案，案号 （2020）津 01 民初 651 号。,根据原告诉求，本次建筑工程合同纠纷案涉案总金额为72，025，795.97元， 占公司最近一期经审计净资产的 2.49%。阳光股份及其子公司为被告。,根据天津市第一中级人民法院传票，本案开庭审理时间为2020年7月21日。,据乐居财经了解，截止公告日，公司（包括控股子公司）累积十二个月内尚未披露的小额诉讼、仲裁20起，累积金额 5114.4 万元人民币（不包含本次建筑工程合同纠纷案诉讼金额）。其中，因房屋拆迁损害赔偿纠纷涉及金额 3302 万元，被告为成都锦尚置业有限公司，公司持股 71%， 所开发项目为成都九眼桥项目，成都锦尚置业有限公司为本公司 2010 年收购取 得控制权。根据 2010 年 12 月 3 日公司与黄秀文、季秀红签署的《项目合作框架合同书》，项目并购前产生的纠纷导致的全部费用和损失均由项目转让方黄秀文 和季秀红承担。,责任编辑：逯文云",https://finance.sina.com.cn/stock/s/2020-06-17/doc-iircuyvi9001061.shtml,sinaStock
37,2020-06-17 17:43:00,新冠检测龙头达安基因年内大涨近2倍背后 一线游资扎堆热炒,"来源：财联社,原标题：股价年内大涨近2倍！新冠检测龙头涨停背后：一线游资扎堆热炒,财联社（上海，研究员 姚辉）讯，北京疫情反弹令新冠检测试剂需求大增，龙头股达安基因今日收盘涨停，股价创下年内新高，今年累计涨幅接近2倍。盘后公布的龙虎榜数据显示，多家一线知名游资现身扎堆炒作，或成股价暴涨背后的助推器。,达安基因一日龙虎榜,达安基因三日龙虎榜,盘后最新公布的龙虎榜数据显示，今日净买入1.45亿元，近三个交易日累计净买入1亿元。三日榜方面，买一深股通席位大手笔做T，买二顶级游资赵老哥大买近9500万元，买三一线游资买超9000万元，买四一线游资方新侠大笔扫货超8000万元。,为防止疫情形势恶化，北京多地迅速提高防疫等级，加强核酸检测。山西证券指出，全球疫情持续，北京疫情出现反弹现象，新冠肺炎检测常态化，市场需求仍将持续增长，建议关注相关优质试剂生产及第三方检验企业，如迈克生物、达安基因、金域医学等。,达安基因今日在互动平台称，公司将启动充足的产能提供新型冠状病毒核酸检测产品，全力保障市场供给。,达安基因今晚发布股票交易异常波动公告，受新型冠状病毒肺炎疫情影响，市场对新型冠状病毒（2019-nCoV）核酸检测试剂盒及核酸检测仪器、相关耗材的需求量大幅度增长，对公司业绩产生了积极影响。鉴于新型冠状病毒肺炎疫情发展、产品的非唯一性等不确定因素的影响，上述核酸检测产品对公司业绩影响的持续性目前尚无法估计，请广大投资者注意投资风险。,国内已获批新冠检测相关试剂盒的上市公司,研报来源：天风证券,责任编辑：逯文云",https://finance.sina.com.cn/stock/s/2020-06-17/doc-iirczymk7544050.shtml,sinaStock
38,2020-06-17 17:40:00,珠江啤酒：关于公司董事及监事辞职的公告,"证券代码：002461                证券简称：珠江啤酒            公告编号：2020-023,关于公司董事及监事辞职的公告   本公司及董事会全体成员保证公告内容真实、准确和完整，没有虚假记载、误导性陈述或者重大遗漏。,2020 年 6 月 17 日，广州珠江啤酒股份有限公司（以下简称“公司”） 董事会收到了公司副董事长王仁荣先生、董事 Guilherme Strano Castellan（中文名：柯葛孟）先生、独立董事林斌先生的书面辞职报告，监事会收到了监事于龙涛先生的书面辞职报告。因工作调动，王 仁荣先生提出辞去公司副董事长及在董事会各下属委员会的职务，柯葛孟先生提出辞去公司董事职务，于龙涛先生提出辞去监事职务；林斌先生因担任公司独立董事已满六年，提出辞去公司独立董事以及在董事会各下属委员会的职务。,根据相关规定，王仁荣先生、柯葛孟先生和于龙涛先生的辞职报告自 2020年 6 月 17 日起生效。王仁荣先生和柯葛孟先生辞职后，将不在公司担任任何职 务 ； 于 龙 涛 先 生 辞 去 监 事 职 务 后 ， 公 司 股 东 INTERBREW INVESTMENTINTERNATIONAL HOLDING LIMITED 将推荐于龙涛先生为公司董事候选人。此外，该股东还将向公司推荐一名董事候选人及一名监事候选人，以补足公司董事会及监事会人员空缺。,鉴于林斌先生若离职将导致董事成员中独立董事占比不足三分之一，因此在股东大会选举新独立董事之前，林斌先生将继续勤勉尽责，履行公司独立董事义务。公司预计将在今年 7 月召开股东大会选举新独立董事，新独立董事当选之时林斌先生辞职报告将正式生效。,公司董事会对王仁荣先生、柯葛孟先生、于龙涛先生和林斌先生任职期间所做工作表示衷心的感谢！,特此公告。,广州珠江啤酒股份有限公司董事会,2020 年 6 月 18 日,责任编辑：小浪快报",https://finance.sina.com.cn/stock/ggzz/2020-06-17/doc-iircuyvi8998566.shtml,sinaStock
39,2020-06-17 17:38:00,涉嫌刑事犯罪 揭秘浔兴股份实控人10亿撬动100亿之谜,"原标题：涉嫌刑事犯罪 揭秘浔兴股份（维权）实控人10亿撬动100亿之谜,来源：每日经济新闻,6月16日，浔兴股份回复了深交所问询函。浔兴股份称，经其向重庆公安局了解，公司实控人王立军被逮捕的原因是“个人涉嫌刑事犯罪”。,《每日经济新闻》记者注意到，此前浔兴股份关于王立军被捕原因的说法一直为“涉嫌内幕交易罪”。,值得注意的是，关于王立军的公开资料甚少，作为一个金融从业者，如何赚到第一桶金，进而转变成资本猎手的经历仍然是个谜。但随着越来越多的裁判文书被公开，王立军资本运作的蛛丝马迹逐渐显现了出来。,有迹象表明，王立军的并购资金或与唐山境界实业有限公司（以下简称唐山境界实业）有关。“蛇吞象”：10亿撬动了100亿,2016年11月，浔兴股份的创始人施氏家族将25%的股权作价25亿元卖给了王立军，王立军成为了浔兴股份的实际控制人。,而王立军收购这家100亿元估值的拉链之王时，其手头的资金也仅有10亿元。那么，王立军是如何通过10亿撬动了100亿的盘子的？,据浔兴股份披露，王立军通过其所控制的公司天津汇泽丰企业管理有限责任公司（以下简称汇泽丰）对浔兴股份25%股权进行收购。,彼时，这次杠杆并购迅速引起了交易所的问询，原因在于并购资金的来源太过蹊跷。汇泽丰在并购前（截至2016年9月30日），其10亿元注册资本尚未缴纳，资金、负债总额均为零，净资产为-4520元。,据浔兴股份的回复，2016年11月14日，汇泽丰与嘉兴祺佑投资合伙企业（有限合伙）（以下简称祺佑投资）、中国农业银行股份有限公司唐山开平支行签订了《一般委托贷款合同》，祺佑投资向汇泽丰提供25亿元委托贷款用以受让浔兴集团持有的浔兴股份25%的股权，该笔贷款为本次收购资金的主要来源。,启信宝显示，祺佑投资最主要的两个出资方分别为汇泽丰和农银创新（北京）投资有限公司（以下简称农银创新），两者出资金额分别为10亿元和15亿元。,《每日经济新闻》记者梳理后发现，王立军并购浔兴股份的整体交易过程是这样的：王立军通过汇泽丰出资10亿元，另外农银创新出资15亿元，两家共同注资25亿元给了祺佑投资。祺佑投资将这笔25亿元的资金，通过农业银行唐山开平支行向汇泽丰发放25亿元的委托贷款。汇泽丰拿到贷款后购买浔兴股份25%的股权，又将股权质押给了祺佑投资，作为其履约还款的质押物。,2018年10月，中国证监会决定对浔兴股份立案调查，截至目前，调查一直处于进行中，尚未公开调查结论。,2019年8月，王立军被重庆公安局逮捕。浔兴股份的公告称：“于2019年8月10日接到公司实际控制人、原董事长王立军先生家属通知，因涉嫌内幕交易罪，王立军先生已被重庆市公安局实施逮捕。”,此后，浔兴股份对外披露的王立军被逮捕原因一致是家属称的“涉嫌内幕交易罪”。然而，至6月16日，浔兴股份在回复交易所问询函中的原因，则进一步明确为“王立军个人涉嫌刑事犯罪”。,浔兴股份称：“公司于2019年8月10日接到公司实际控制人、原董事长王立军家属通知，获悉王立军于2019年8月5日被重庆公安局以涉嫌内幕交易罪实施逮捕。经公司事后向重庆公安局了解，逮捕原因是王立军个人涉嫌刑事犯罪。目前公安机关已侦查结束移送检察机关审查起诉。”第一桶金：10亿元的本金来自何处？,浔兴股份曾披露过王立军简短的简历。王立军1972年出生，曾就职于中国建设银行唐山分行，并出任天津汇泽丰企业管理有限责任公司执行董事、天津东土博金有限公司执行董事和Golden East （Singapore） Pte． Ltd．董事。,虽然截至目前，无法彻底弄清楚王立军10亿元的并购本金从何而来，但随着越来越多的裁判文书披露，都指向了王立军与唐山境界实业或有关联。,今年5月29日，中国裁判文书网公布了《湖南汇垠湘天投资合伙企业、黄居彬、黄举天等其他民事裁定书》。,上述裁定书显示，湖南汇垠湘天投资合伙企业（有限合伙）（以下简称湖南汇垠湘天）为申请人，被申请人名单则包括了汇泽丰、王立军、唐山境界实业以及唐山境界实业的两位重要股东黄居彬和黄举天。,浙江省嘉兴市南湖区人民法院经审查认为，申请人的财产保全申请符合法律规定，冻结黄居彬、黄举天、王立军、汇泽丰、唐山境界实业等被执行人的银行存款人民币16000万元或查封、扣押其等值财产。,与上述申请执行案件类似，今年3月中国裁判文书网公布了《湖南汇垠众益投资合伙企业、黄居彬、黄举天等其他民事裁定书》，法院支持了湖南汇垠众益投资合伙企业（有限合伙）（以下简称湖南汇垠众益）的财产保全申请，冻结黄居彬、黄举天、王立军、汇泽丰、唐山境界实业等被执行人的银行存款人民币45000万元或查封、扣押其等值财产。,启信宝显示，唐山境界实业的股东除了黄居彬和黄举天以外，还包括了湖南汇垠众益和湖南汇垠湘天。,那么，为何湖南汇垠众益和湖南汇垠湘天要对黄居彬、黄举天进行财产保全申请？为何当中又牵扯了王立军和汇泽丰？,启信宝显示，湖南汇垠众益和湖南汇垠湘天股权结构类似，第一大股东皆为广州汇垠天粤股权投资基金管理有限公司（以下简称广州汇垠天粤），广州汇垠天粤均持有湖南汇垠众益和湖南汇垠湘天50%股权，而广州汇垠天粤的最终实际控制人为广州市国资委。,在另外一份裁判文书中，湖南汇垠众益指出，王立军并购浔兴股份的资金疑似源于唐山境界实业。湖南汇垠众益表示：“汇泽丰通过祺佑投资转借用于购买浔兴股票的资金疑似挪用湖南汇垠众益作为合伙人向唐山境界实业投入的资金，湖南汇垠众益有必要追回被挪用资金。”",https://finance.sina.com.cn/stock/relnews/cn/2020-06-17/doc-iirczymk7530046.shtml,sinaStock
40,2020-06-17 17:33:00,王振华猥亵女童终定罪：身家却升至430亿 资本竟如此健忘？,"原标题：判刑5年！王振华猥亵女童终定罪，股价却直线飙升，资本竟如此健忘？身家升至430亿，打了谁的脸？,时间总是会冲淡一切！若不是最终定案，人们可能都忘了那个人渣！,据上海市普陀区人民法院官方微信消息，经合议庭评议，于6月17日当庭对被告人王振华、周燕芬作出判决，以猥亵儿童罪分别判处被告人王振华有期徒刑五年，被告人周燕芬有期徒刑四年。王振华即是去年7月震惊全国的新城系大股东，也是身家数百亿的超级大富豪。,在上述判决发布之后，新城系股票皆出现直线飙升的情况。新城控股股价直线拉升，一度涨超3%，随后涨幅收窄，收涨1.99%；香港新城发展收涨约5%，新城悦服务上涨近3.8%。,与此同时，券商中国记者还关注到，在去年王振华出事之后，新城系的形势竟然也出现了好转，新城控股净负债率大幅下降，综合体运营步入快车道；新城悦服务随着物流股这一波炒作，股价竟也创下历史新高。,资本总是趋利的，也是健忘的。在过去一年当中，很多机构仍在写研报推荐新城系的公司，当然也有投资者为此买单，不然新城系的股价早就崩了。那么，此刻就有了之前券商中国的一记灵魂拷问：假如你恰巧有一个九岁的女儿，会有怎样的代入感？,王振华被判五年，庭审历时16小时,2020年6月16日，上海市普陀区人民法院（以下简称普陀法院）依法不公开开庭审理被告人王振华、周燕芬猥亵儿童案。,普陀法院受理该案后，依法组成合议庭，向两名被告人及其辩护人、被害人及其法定代理人、诉讼代理人送达了起诉书副本，同时告知其相关诉讼权利和义务。,辩护律师会见了当事人，并查阅全部案卷。庭审中，控辩双方分别出示了相关证据，对证据进行了质证，并充分发表了辩论意见。,被告人王振华、周燕芬当庭作了最后陈述。庭审分两天进行，整个庭审过程历时16小时。,法院根据两名被告人的犯罪事实、性质、情节及社会危害程度等，经合议庭评议，于6月17日当庭对被告人王振华、周燕芬作出判决，以猥亵儿童罪分别判处被告人王振华有期徒刑五年，被告人周燕芬有期徒刑四年。,去年曾有律师表示，王某涉嫌猥亵儿童罪，或被处以五年以下有期徒刑或者拘役。但亦有法律人士表示，以暴力、胁迫或者其他方法强制猥亵或者侮辱他人的，处五年以下有期徒刑或者拘役。有以下情形之一的，处五年以上十五年以下有期徒刑：,（一）：猥亵他人情节恶劣的。,（二）：聚众或者在公众场合猥亵他人的。,猥亵儿童的，依照前两款的规定从重处罚。从判决结果来看，所判刑期似乎低于预期。,王振华犯罪前情回顾,去年7月3日，市场上突然传出，上市公司新城控股董事长王某突然因猥亵9岁女童，于7月1日在沪被采取强制措施。随后，上海公安方面于7月3日下午证实了这一消息。,据媒体报道，犯罪行为发生于6月29日下午，地点为万航渡路一家五星级酒店。被猥亵女童事后向在江苏的母亲打电话哭诉，母亲即来沪报警，王某随即被采取强制措施。目前女童已验伤情，阴道有撕裂伤，构成轻伤。涉案人王某今年五十余岁，是上市公司新城控股的董事长，目前对外公布总资产达3000多亿元人民币。同时还拥有一家港股新城发展控股上市公司。,据消息称，带女童入住酒店的女子周某也已到案。周某49岁，江苏徐州人。据其供述，事发当天，她带了两个女孩入住酒店，一个9岁，一个12岁。两个女孩的母亲为周某朋友。周某谎称带两女孩去上海迪斯尼玩，从江苏带至上海。当天王某对9岁女童实施犯罪，事后给付周某现金1万元。,2019年7月1日下午，在警方工作下犯罪嫌疑人王某某（男，57岁，江苏人）至公安机关接受调查。7月2日晚，犯罪嫌疑人周某某至公安机关自首。,此消息曝光之后，港股新城发展控股迅速杀跌，跌幅最多超过26%，A股新城控股亦连续跌停，新城控股的债券也大幅杀跌。市场上一时间骂声四起。,究竟在打谁的脸？,然而，无论多么让人痛心疾首的事，随着时间的推移，总会被人们淡忘。在过去将近一年的时间里，若不是这一次判决，王振华是不会被大多数人记起的，一如新城系的股票，经历了大跌之后，还有能创出历史新高的“壮举”。,新城悦服务，新城系港股上市公司，去年王振华出事之后，一度在短短几天内惨烈杀跌超40%，但在那之后，这只股票居然走出了超级大牛市，不到一年时间涨了近340%。在今天王振华判决出台之后，亦曾一度大涨，收盘涨幅仍接近3.8%。,新城控股虽然没有这么强势，但从去年低位反弹亦接近50%。更值得关注的是，这家公司2019年业绩同比增长21%。2019 年公司实现营 业收入858.5亿元，同比增长58.6%；实现归母净利润 126.5 亿元，同比增长 20.6%。2019年底公司净负债率大幅下降至 6.4%，回落至公司历史水平地位，同时也远低于行业平均水平，手持近640亿现金。,的确，新城系这些公司在新任管理层的带领下有了较大改观。一些研究机构也频频发布研报。据粗略统计，特别是今年以来，总共有七篇研报写新城控股，且多为买入和增持评级。关于新城悦服务的研报则更多。然而，这种案件，在西方可以判终身监禁。而这种人控制的公司也会被很多资金抛弃，因为这类公司并不符合ESG的要求。,虽然王振华已经被逮捕了近一年，但是，在今年公布的《2020胡润全球房地产富豪榜》中，王振华名字赫然在目。今年，王振华和其子王晓松在胡润全球房地产富豪榜中位列第33名，相比去年上升34名；身家430亿元，相比去年财富增长74%。,那么，这究竟又是打了谁的脸呢？,责任编辑：逯文云",https://finance.sina.com.cn/stock/s/2020-06-17/doc-iirczymk7529644.shtml,sinaStock
41,2020-06-17 17:01:00,"神州泰岳现2笔大宗交易 共成交3,606.84万元","新浪财经讯 神州泰岳在6月17日，发生2笔大宗交易。,第1笔成交价格为6.80元，成交310.48万股，成交金额2,111.25万元，买方营业部为中国银河证券股份有限公司北京学院南路证券营业部，卖方营业部为中信证券股份有限公司北京安外大街证券营业部。,第2笔成交价格为6.80元，成交219.94万股，成交金额1,495.59万元，买方营业部为中信证券股份有限公司北京安外大街证券营业部，卖方营业部为中信证券股份有限公司北京安外大街证券营业部。,责任编辑：小浪快报",https://finance.sina.com.cn/stock/ggzz/2020-06-17/doc-iirczymk7520973.shtml,sinaStock
42,2020-06-17 17:01:00,深南电路现1笔大宗交易 共成交253.77万元,"新浪财经讯 深南电路在6月17日，发生1笔大宗交易。,第1笔成交价格为169.18元，成交1.50万股，成交金额253.77万元，买方营业部为广发证券股份有限公司北京广安门内大街证券营业部，卖方营业部为中信证券股份有限公司上海分公司。,责任编辑：小浪快报",https://finance.sina.com.cn/stock/ggzz/2020-06-17/doc-iircuyvi8991580.shtml,sinaStock
43,2020-06-17 17:01:00,昇兴股份现1笔大宗交易 共成交368.60万元,"新浪财经讯 昇兴股份在6月17日，发生1笔大宗交易。,第1笔成交价格为5.47元，成交67.39万股，成交金额368.60万元，买方营业部为中信证券股份有限公司上海分公司，卖方营业部为华鑫证券有限责任公司上海漕溪北路证券营业部。,责任编辑：小浪快报",https://finance.sina.com.cn/stock/ggzz/2020-06-17/doc-iircuyvi8991573.shtml,sinaStock
44,2020-06-17 17:01:00,中鼎股份现1笔大宗交易 共成交997.37万元,"新浪财经讯 中鼎股份在6月17日，发生1笔大宗交易。,第1笔成交价格为8.04元，成交124.05万股，成交金额997.37万元，买方营业部为中信证券股份有限公司上海分公司，卖方营业部为太平洋证券股份有限公司北京建国门内大街证券营业部。,责任编辑：小浪快报",https://finance.sina.com.cn/stock/ggzz/2020-06-17/doc-iircuyvi8991567.shtml,sinaStock
